"Srno","Employee Code","Fname","Mname","Lname","Employee Email-ID","Employee Mobile Number","Designation","Activity","Status","Location","Relation","Gender","DOB","DOJ","Remark","MaritalStatus","Gross CTC","Grade","VIP","Entity","Branch"
"1","Dummy Test 0001","Satveer","Brijesh","Singh","satveer.singh001@examplecorp.test","9876500001","1","ADDITION","Payroll","mumbai","Self","20096","1986-02-02","2026-02-02","Employee row","S","866555","IC","No","1",""
"1.1","Dummy Test 0001","Spouse","Satveer","Singh","","","","ADDITION","Active","","Spouse","Male","1988-05-11","","Dependent spouse","","","","No","1",""
"1.2","Dummy Test 0001","Child","Satveer","Singh","","","","ADDITION","Active","","Child","Female","2013-08-15","","Dependent child","","","","No","1",""
"2","Dummy Test 0002","Aarav","Kumar","Sharma","aarav.sharma002@examplecorp.test","9876500002","1","ADDITION","Payroll","mumbai","Self","20096","1987-03-03","2026-03-03","Employee row","S","867555","IC","No","1",""
"2.1","Dummy Test 0002","Spouse","Aarav","Sharma","","","","ADDITION","Active","","Spouse","Female","1989-06-12","","Dependent spouse","","","","No","1",""
"2.2","Dummy Test 0002","Child","Aarav","Sharma","","","","ADDITION","Active","","Child","Male","2014-09-16","","Dependent child","","","","No","1",""
"3","Dummy Test 0003","Vivaan","Raj","Nair","vivaan.nair003@examplecorp.test","9876500003","1","ADDITION","Payroll","mumbai","Self","20096","1988-04-04","2026-04-04","Employee row","M","868555","IC","No","1",""
"3.1","Dummy Test 0003","Spouse","Vivaan","Nair","","","","ADDITION","Active","","Spouse","Male","1990-07-13","","Dependent spouse","","","","No","1",""
"3.2","Dummy Test 0003","Child","Vivaan","Nair","","","","ADDITION","Active","","Child","Female","2015-10-17","","Dependent child","","","","No","1",""
"4","Dummy Test 0004","Aditya","Dev","Chatterjee","aditya.chatterjee004@examplecorp.test","9876500004","1","ADDITION","Payroll","mumbai","Self","20096","1989-05-05","2026-05-05","Employee row","S","869555","IC","No","1",""
"4.1","Dummy Test 0004","Spouse","Aditya","Chatterjee","","","","ADDITION","Active","","Spouse","Female","1991-08-14","","Dependent spouse","","","","No","1",""
"4.2","Dummy Test 0004","Child","Aditya","Chatterjee","","","","ADDITION","Active","","Child","Male","2016-11-18","","Dependent child","","","","No","1",""
"5","Dummy Test 0005","Vihaan","Pratap","Verma","vihaan.verma005@examplecorp.test","9876500005","1","ADDITION","Payroll","mumbai","Self","20096","1990-06-06","2026-06-06","Employee row","S","870555","IC","No","1",""
"5.1","Dummy Test 0005","Spouse","Vihaan","Verma","","","","ADDITION","Active","","Spouse","Male","1992-09-15","","Dependent spouse","","","","No","1",""
"5.2","Dummy Test 0005","Child","Vihaan","Verma","","","","ADDITION","Active","","Child","Female","2017-12-19","","Dependent child","","","","No","1",""
"6","Dummy Test 0006","Arjun","Nitin","Rao","arjun.rao006@examplecorp.test","9876500006","1","ADDITION","Payroll","mumbai","Self","20096","1991-07-07","2026-07-07","Employee row","M","871555","IC","No","1",""
"6.1","Dummy Test 0006","Spouse","Arjun","Rao","","","","ADDITION","Active","","Spouse","Female","1993-10-16","","Dependent spouse","","","","No","1",""
"6.2","Dummy Test 0006","Child","Arjun","Rao","","","","ADDITION","Active","","Child","Male","2018-01-20","","Dependent child","","","","No","1",""
"7","Dummy Test 0007","Sai","Vijay","Malhotra","sai.malhotra007@examplecorp.test","9876500007","1","ADDITION","Payroll","mumbai","Self","20096","1992-08-08","2026-01-08","Employee row","S","872555","IC","No","1",""
"7.1","Dummy Test 0007","Spouse","Sai","Malhotra","","","","ADDITION","Active","","Spouse","Male","1994-11-17","","Dependent spouse","","","","No","1",""
"7.2","Dummy Test 0007","Child","Sai","Malhotra","","","","ADDITION","Active","","Child","Female","2019-02-21","","Dependent child","","","","No","1",""
"8","Dummy Test 0008","Reyansh","Mohan","Patel","reyansh.patel008@examplecorp.test","9876500008","1","ADDITION","Payroll","mumbai","Self","20096","1993-09-09","2026-02-09","Employee row","S","873555","IC","No","1",""
"8.1","Dummy Test 0008","Spouse","Reyansh","Patel","","","","ADDITION","Active","","Spouse","Female","1995-12-18","","Dependent spouse","","","","No","1",""
"8.2","Dummy Test 0008","Child","Reyansh","Patel","","","","ADDITION","Active","","Child","Male","2020-03-22","","Dependent child","","","","No","1",""
"9","Dummy Test 0009","Ayaan","Brijesh","Iyer","ayaan.iyer009@examplecorp.test","9876500009","1","ADDITION","Payroll","mumbai","Self","20096","1994-10-10","2026-03-10","Employee row","M","874555","IC","No","1",""
"9.1","Dummy Test 0009","Spouse","Ayaan","Iyer","","","","ADDITION","Active","","Spouse","Male","1996-01-19","","Dependent spouse","","","","No","1",""
"9.2","Dummy Test 0009","Child","Ayaan","Iyer","","","","ADDITION","Active","","Child","Female","2012-04-23","","Dependent child","","","","No","1",""
"10","Dummy Test 0010","Krishna","Kumar","Mehta","krishna.mehta010@examplecorp.test","9876500010","1","ADDITION","Payroll","mumbai","Self","20096","1995-11-11","2026-04-11","Employee row","S","875555","IC","Yes","1",""
"10.1","Dummy Test 0010","Spouse","Krishna","Mehta","","","","ADDITION","Active","","Spouse","Female","1997-02-20","","Dependent spouse","","","","No","1",""
"10.2","Dummy Test 0010","Child","Krishna","Mehta","","","","ADDITION","Active","","Child","Male","2013-05-24","","Dependent child","","","","No","1",""
"11","Dummy Test 0011","Ishaan","Raj","Desai","ishaan.desai011@examplecorp.test","9876500011","1","ADDITION","Payroll","mumbai","Self","20096","1996-12-12","2026-05-12","Employee row","S","876555","IC","No","1",""
"11.1","Dummy Test 0011","Spouse","Ishaan","Desai","","","","ADDITION","Active","","Spouse","Male","1998-03-21","","Dependent spouse","","","","No","1",""
"11.2","Dummy Test 0011","Child","Ishaan","Desai","","","","ADDITION","Active","","Child","Female","2014-06-25","","Dependent child","","","","No","1",""
"12","Dummy Test 0012","Kabir","Dev","Kapoor","kabir.kapoor012@examplecorp.test","9876500012","1","ADDITION","Payroll","mumbai","Self","20096","1997-01-13","2026-06-13","Employee row","M","877555","IC","No","1",""
"12.1","Dummy Test 0012","Spouse","Kabir","Kapoor","","","","ADDITION","Active","","Spouse","Female","1999-04-22","","Dependent spouse","","","","No","1",""
"12.2","Dummy Test 0012","Child","Kabir","Kapoor","","","","ADDITION","Active","","Child","Male","2015-07-26","","Dependent child","","","","No","1",""
"13","Dummy Test 0013","Dhruv","Pratap","Singh","dhruv.singh013@examplecorp.test","9876500013","1","ADDITION","Payroll","mumbai","Self","20096","1998-02-14","2026-07-14","Employee row","S","878555","IC","No","1",""
"13.1","Dummy Test 0013","Spouse","Dhruv","Singh","","","","ADDITION","Active","","Spouse","Male","2000-05-23","","Dependent spouse","","","","No","1",""
"13.2","Dummy Test 0013","Child","Dhruv","Singh","","","","ADDITION","Active","","Child","Female","2016-08-27","","Dependent child","","","","No","1",""
"14","Dummy Test 0014","Rohan","Nitin","Sharma","rohan.sharma014@examplecorp.test","9876500014","1","ADDITION","Payroll","mumbai","Self","20096","1999-03-15","2026-01-15","Employee row","S","879555","IC","No","1",""
"14.1","Dummy Test 0014","Spouse","Rohan","Sharma","","","","ADDITION","Active","","Spouse","Female","2001-06-24","","Dependent spouse","","","","No","1",""
"14.2","Dummy Test 0014","Child","Rohan","Sharma","","","","ADDITION","Active","","Child","Male","2017-09-01","","Dependent child","","","","No","1",""
"15","Dummy Test 0015","Karan","Vijay","Nair","karan.nair015@examplecorp.test","9876500015","1","ADDITION","Payroll","mumbai","Self","20096","2000-04-16","2026-02-16","Employee row","M","880555","IC","No","1",""
"15.1","Dummy Test 0015","Spouse","Karan","Nair","","","","ADDITION","Active","","Spouse","Male","1987-07-25","","Dependent spouse","","","","No","1",""
"15.2","Dummy Test 0015","Child","Karan","Nair","","","","ADDITION","Active","","Child","Female","2018-10-02","","Dependent child","","","","No","1",""
"16","Dummy Test 0016","Nikhil","Mohan","Chatterjee","nikhil.chatterjee016@examplecorp.test","9876500016","1","ADDITION","Payroll","mumbai","Self","20096","2001-05-17","2026-03-17","Employee row","S","881555","IC","No","1",""
"16.1","Dummy Test 0016","Spouse","Nikhil","Chatterjee","","","","ADDITION","Active","","Spouse","Female","1988-08-26","","Dependent spouse","","","","No","1",""
"16.2","Dummy Test 0016","Child","Nikhil","Chatterjee","","","","ADDITION","Active","","Child","Male","2019-11-03","","Dependent child","","","","No","1",""
"17","Dummy Test 0017","Rahul","Brijesh","Verma","rahul.verma017@examplecorp.test","9876500017","1","ADDITION","Payroll","mumbai","Self","20096","2002-06-18","2026-04-18","Employee row","S","882555","IC","No","1",""
"17.1","Dummy Test 0017","Spouse","Rahul","Verma","","","","ADDITION","Active","","Spouse","Male","1989-09-27","","Dependent spouse","","","","No","1",""
"17.2","Dummy Test 0017","Child","Rahul","Verma","","","","ADDITION","Active","","Child","Female","2020-12-04","","Dependent child","","","","No","1",""
"18","Dummy Test 0018","Amit","Kumar","Rao","amit.rao018@examplecorp.test","9876500018","1","ADDITION","Payroll","mumbai","Self","20096","1985-07-19","2026-05-19","Employee row","M","883555","IC","No","1",""
"18.1","Dummy Test 0018","Spouse","Amit","Rao","","","","ADDITION","Active","","Spouse","Female","1990-10-01","","Dependent spouse","","","","No","1",""
"18.2","Dummy Test 0018","Child","Amit","Rao","","","","ADDITION","Active","","Child","Male","2012-01-05","","Dependent child","","","","No","1",""
"19","Dummy Test 0019","Siddharth","Raj","Malhotra","siddharth.malhotra019@examplecorp.test","9876500019","1","ADDITION","Payroll","mumbai","Self","20096","1986-08-20","2026-06-20","Employee row","S","884555","IC","No","1",""
"19.1","Dummy Test 0019","Spouse","Siddharth","Malhotra","","","","ADDITION","Active","","Spouse","Male","1991-11-02","","Dependent spouse","","","","No","1",""
"19.2","Dummy Test 0019","Child","Siddharth","Malhotra","","","","ADDITION","Active","","Child","Female","2013-02-06","","Dependent child","","","","No","1",""
"20","Dummy Test 0020","Yash","Dev","Patel","yash.patel020@examplecorp.test","9876500020","1","ADDITION","Payroll","mumbai","Self","20096","1987-09-21","2026-07-21","Employee row","S","885555","IC","Yes","1",""
"20.1","Dummy Test 0020","Spouse","Yash","Patel","","","","ADDITION","Active","","Spouse","Female","1992-12-03","","Dependent spouse","","","","No","1",""
"20.2","Dummy Test 0020","Child","Yash","Patel","","","","ADDITION","Active","","Child","Male","2014-03-07","","Dependent child","","","","No","1",""
"21","Dummy Test 0021","Satveer","Pratap","Iyer","satveer.iyer021@examplecorp.test","9876500021","1","ADDITION","Payroll","mumbai","Self","20096","1988-10-22","2026-01-22","Employee row","M","886555","IC","No","1",""
"21.1","Dummy Test 0021","Spouse","Satveer","Iyer","","","","ADDITION","Active","","Spouse","Male","1993-01-04","","Dependent spouse","","","","No","1",""
"21.2","Dummy Test 0021","Child","Satveer","Iyer","","","","ADDITION","Active","","Child","Female","2015-04-08","","Dependent child","","","","No","1",""
"22","Dummy Test 0022","Aarav","Nitin","Mehta","aarav.mehta022@examplecorp.test","9876500022","1","ADDITION","Payroll","mumbai","Self","20096","1989-11-23","2026-02-23","Employee row","S","887555","IC","No","1",""
"22.1","Dummy Test 0022","Spouse","Aarav","Mehta","","","","ADDITION","Active","","Spouse","Female","1994-02-05","","Dependent spouse","","","","No","1",""
"22.2","Dummy Test 0022","Child","Aarav","Mehta","","","","ADDITION","Active","","Child","Male","2016-05-09","","Dependent child","","","","No","1",""
"23","Dummy Test 0023","Vivaan","Vijay","Desai","vivaan.desai023@examplecorp.test","9876500023","1","ADDITION","Payroll","mumbai","Self","20096","1990-12-24","2026-03-24","Employee row","S","888555","IC","No","1",""
"23.1","Dummy Test 0023","Spouse","Vivaan","Desai","","","","ADDITION","Active","","Spouse","Male","1995-03-06","","Dependent spouse","","","","No","1",""
"23.2","Dummy Test 0023","Child","Vivaan","Desai","","","","ADDITION","Active","","Child","Female","2017-06-10","","Dependent child","","","","No","1",""
"24","Dummy Test 0024","Aditya","Mohan","Kapoor","aditya.kapoor024@examplecorp.test","9876500024","1","ADDITION","Payroll","mumbai","Self","20096","1991-01-25","2026-04-25","Employee row","M","889555","IC","No","1",""
"24.1","Dummy Test 0024","Spouse","Aditya","Kapoor","","","","ADDITION","Active","","Spouse","Female","1996-04-07","","Dependent spouse","","","","No","1",""
"24.2","Dummy Test 0024","Child","Aditya","Kapoor","","","","ADDITION","Active","","Child","Male","2018-07-11","","Dependent child","","","","No","1",""
"25","Dummy Test 0025","Vihaan","Brijesh","Singh","vihaan.singh025@examplecorp.test","9876500025","1","ADDITION","Payroll","mumbai","Self","20096","1992-02-26","2026-05-01","Employee row","S","890555","IC","No","1",""
"25.1","Dummy Test 0025","Spouse","Vihaan","Singh","","","","ADDITION","Active","","Spouse","Male","1997-05-08","","Dependent spouse","","","","No","1",""
"25.2","Dummy Test 0025","Child","Vihaan","Singh","","","","ADDITION","Active","","Child","Female","2019-08-12","","Dependent child","","","","No","1",""
"26","Dummy Test 0026","Arjun","Kumar","Sharma","arjun.sharma026@examplecorp.test","9876500026","1","ADDITION","Payroll","mumbai","Self","20096","1993-03-27","2026-06-02","Employee row","S","891555","IC","No","1",""
"26.1","Dummy Test 0026","Spouse","Arjun","Sharma","","","","ADDITION","Active","","Spouse","Female","1998-06-09","","Dependent spouse","","","","No","1",""
"26.2","Dummy Test 0026","Child","Arjun","Sharma","","","","ADDITION","Active","","Child","Male","2020-09-13","","Dependent child","","","","No","1",""
"27","Dummy Test 0027","Sai","Raj","Nair","sai.nair027@examplecorp.test","9876500027","1","ADDITION","Payroll","mumbai","Self","20096","1994-04-01","2026-07-03","Employee row","M","892555","IC","No","1",""
"27.1","Dummy Test 0027","Spouse","Sai","Nair","","","","ADDITION","Active","","Spouse","Male","1999-07-10","","Dependent spouse","","","","No","1",""
"27.2","Dummy Test 0027","Child","Sai","Nair","","","","ADDITION","Active","","Child","Female","2012-10-14","","Dependent child","","","","No","1",""
"28","Dummy Test 0028","Reyansh","Dev","Chatterjee","reyansh.chatterjee028@examplecorp.test","9876500028","1","ADDITION","Payroll","mumbai","Self","20096","1995-05-02","2026-01-04","Employee row","S","893555","IC","No","1",""
"28.1","Dummy Test 0028","Spouse","Reyansh","Chatterjee","","","","ADDITION","Active","","Spouse","Female","2000-08-11","","Dependent spouse","","","","No","1",""
"28.2","Dummy Test 0028","Child","Reyansh","Chatterjee","","","","ADDITION","Active","","Child","Male","2013-11-15","","Dependent child","","","","No","1",""
"29","Dummy Test 0029","Ayaan","Pratap","Verma","ayaan.verma029@examplecorp.test","9876500029","1","ADDITION","Payroll","mumbai","Self","20096","1996-06-03","2026-02-05","Employee row","S","894555","IC","No","1",""
"29.1","Dummy Test 0029","Spouse","Ayaan","Verma","","","","ADDITION","Active","","Spouse","Male","2001-09-12","","Dependent spouse","","","","No","1",""
"29.2","Dummy Test 0029","Child","Ayaan","Verma","","","","ADDITION","Active","","Child","Female","2014-12-16","","Dependent child","","","","No","1",""
"30","Dummy Test 0030","Krishna","Nitin","Rao","krishna.rao030@examplecorp.test","9876500030","1","ADDITION","Payroll","mumbai","Self","20096","1997-07-04","2026-03-06","Employee row","M","895555","IC","Yes","1",""
"30.1","Dummy Test 0030","Spouse","Krishna","Rao","","","","ADDITION","Active","","Spouse","Female","1987-10-13","","Dependent spouse","","","","No","1",""
"30.2","Dummy Test 0030","Child","Krishna","Rao","","","","ADDITION","Active","","Child","Male","2015-01-17","","Dependent child","","","","No","1",""
"31","Dummy Test 0031","Ishaan","Vijay","Malhotra","ishaan.malhotra031@examplecorp.test","9876500031","1","ADDITION","Payroll","mumbai","Self","20096","1998-08-05","2026-04-07","Employee row","S","896555","IC","No","1",""
"31.1","Dummy Test 0031","Spouse","Ishaan","Malhotra","","","","ADDITION","Active","","Spouse","Male","1988-11-14","","Dependent spouse","","","","No","1",""
"31.2","Dummy Test 0031","Child","Ishaan","Malhotra","","","","ADDITION","Active","","Child","Female","2016-02-18","","Dependent child","","","","No","1",""
"32","Dummy Test 0032","Kabir","Mohan","Patel","kabir.patel032@examplecorp.test","9876500032","1","ADDITION","Payroll","mumbai","Self","20096","1999-09-06","2026-05-08","Employee row","S","897555","IC","No","1",""
"32.1","Dummy Test 0032","Spouse","Kabir","Patel","","","","ADDITION","Active","","Spouse","Female","1989-12-15","","Dependent spouse","","","","No","1",""
"32.2","Dummy Test 0032","Child","Kabir","Patel","","","","ADDITION","Active","","Child","Male","2017-03-19","","Dependent child","","","","No","1",""
"33","Dummy Test 0033","Dhruv","Brijesh","Iyer","dhruv.iyer033@examplecorp.test","9876500033","1","ADDITION","Payroll","mumbai","Self","20096","2000-10-07","2026-06-09","Employee row","M","898555","IC","No","1",""
"33.1","Dummy Test 0033","Spouse","Dhruv","Iyer","","","","ADDITION","Active","","Spouse","Male","1990-01-16","","Dependent spouse","","","","No","1",""
"33.2","Dummy Test 0033","Child","Dhruv","Iyer","","","","ADDITION","Active","","Child","Female","2018-04-20","","Dependent child","","","","No","1",""
"34","Dummy Test 0034","Rohan","Kumar","Mehta","rohan.mehta034@examplecorp.test","9876500034","1","ADDITION","Payroll","mumbai","Self","20096","2001-11-08","2026-07-10","Employee row","S","899555","IC","No","1",""
"34.1","Dummy Test 0034","Spouse","Rohan","Mehta","","","","ADDITION","Active","","Spouse","Female","1991-02-17","","Dependent spouse","","","","No","1",""
"34.2","Dummy Test 0034","Child","Rohan","Mehta","","","","ADDITION","Active","","Child","Male","2019-05-21","","Dependent child","","","","No","1",""
"35","Dummy Test 0035","Karan","Raj","Desai","karan.desai035@examplecorp.test","9876500035","1","ADDITION","Payroll","mumbai","Self","20096","2002-12-09","2026-01-11","Employee row","S","900555","IC","No","1",""
"35.1","Dummy Test 0035","Spouse","Karan","Desai","","","","ADDITION","Active","","Spouse","Male","1992-03-18","","Dependent spouse","","","","No","1",""
"35.2","Dummy Test 0035","Child","Karan","Desai","","","","ADDITION","Active","","Child","Female","2020-06-22","","Dependent child","","","","No","1",""
"36","Dummy Test 0036","Nikhil","Dev","Kapoor","nikhil.kapoor036@examplecorp.test","9876500036","1","ADDITION","Payroll","mumbai","Self","20096","1985-01-10","2026-02-12","Employee row","M","901555","IC","No","1",""
"36.1","Dummy Test 0036","Spouse","Nikhil","Kapoor","","","","ADDITION","Active","","Spouse","Female","1993-04-19","","Dependent spouse","","","","No","1",""
"36.2","Dummy Test 0036","Child","Nikhil","Kapoor","","","","ADDITION","Active","","Child","Male","2012-07-23","","Dependent child","","","","No","1",""
"37","Dummy Test 0037","Rahul","Pratap","Singh","rahul.singh037@examplecorp.test","9876500037","1","ADDITION","Payroll","mumbai","Self","20096","1986-02-11","2026-03-13","Employee row","S","902555","IC","No","1",""
"37.1","Dummy Test 0037","Spouse","Rahul","Singh","","","","ADDITION","Active","","Spouse","Male","1994-05-20","","Dependent spouse","","","","No","1",""
"37.2","Dummy Test 0037","Child","Rahul","Singh","","","","ADDITION","Active","","Child","Female","2013-08-24","","Dependent child","","","","No","1",""
"38","Dummy Test 0038","Amit","Nitin","Sharma","amit.sharma038@examplecorp.test","9876500038","1","ADDITION","Payroll","mumbai","Self","20096","1987-03-12","2026-04-14","Employee row","S","903555","IC","No","1",""
"38.1","Dummy Test 0038","Spouse","Amit","Sharma","","","","ADDITION","Active","","Spouse","Female","1995-06-21","","Dependent spouse","","","","No","1",""
"38.2","Dummy Test 0038","Child","Amit","Sharma","","","","ADDITION","Active","","Child","Male","2014-09-25","","Dependent child","","","","No","1",""
"39","Dummy Test 0039","Siddharth","Vijay","Nair","siddharth.nair039@examplecorp.test","9876500039","1","ADDITION","Payroll","mumbai","Self","20096","1988-04-13","2026-05-15","Employee row","M","904555","IC","No","1",""
"39.1","Dummy Test 0039","Spouse","Siddharth","Nair","","","","ADDITION","Active","","Spouse","Male","1996-07-22","","Dependent spouse","","","","No","1",""
"39.2","Dummy Test 0039","Child","Siddharth","Nair","","","","ADDITION","Active","","Child","Female","2015-10-26","","Dependent child","","","","No","1",""
"40","Dummy Test 0040","Yash","Mohan","Chatterjee","yash.chatterjee040@examplecorp.test","9876500040","1","ADDITION","Payroll","mumbai","Self","20096","1989-05-14","2026-06-16","Employee row","S","905555","IC","Yes","1",""
"40.1","Dummy Test 0040","Spouse","Yash","Chatterjee","","","","ADDITION","Active","","Spouse","Female","1997-08-23","","Dependent spouse","","","","No","1",""
"40.2","Dummy Test 0040","Child","Yash","Chatterjee","","","","ADDITION","Active","","Child","Male","2016-11-27","","Dependent child","","","","No","1",""
"41","Dummy Test 0041","Satveer","Brijesh","Verma","satveer.verma041@examplecorp.test","9876500041","1","ADDITION","Payroll","mumbai","Self","20096","1990-06-15","2026-07-17","Employee row","S","906555","IC","No","1",""
"41.1","Dummy Test 0041","Spouse","Satveer","Verma","","","","ADDITION","Active","","Spouse","Male","1998-09-24","","Dependent spouse","","","","No","1",""
"41.2","Dummy Test 0041","Child","Satveer","Verma","","","","ADDITION","Active","","Child","Female","2017-12-01","","Dependent child","","","","No","1",""
"42","Dummy Test 0042","Aarav","Kumar","Rao","aarav.rao042@examplecorp.test","9876500042","1","ADDITION","Payroll","mumbai","Self","20096","1991-07-16","2026-01-18","Employee row","M","907555","IC","No","1",""
"42.1","Dummy Test 0042","Spouse","Aarav","Rao","","","","ADDITION","Active","","Spouse","Female","1999-10-25","","Dependent spouse","","","","No","1",""
"42.2","Dummy Test 0042","Child","Aarav","Rao","","","","ADDITION","Active","","Child","Male","2018-01-02","","Dependent child","","","","No","1",""
"43","Dummy Test 0043","Vivaan","Raj","Malhotra","vivaan.malhotra043@examplecorp.test","9876500043","1","ADDITION","Payroll","mumbai","Self","20096","1992-08-17","2026-02-19","Employee row","S","908555","IC","No","1",""
"43.1","Dummy Test 0043","Spouse","Vivaan","Malhotra","","","","ADDITION","Active","","Spouse","Male","2000-11-26","","Dependent spouse","","","","No","1",""
"43.2","Dummy Test 0043","Child","Vivaan","Malhotra","","","","ADDITION","Active","","Child","Female","2019-02-03","","Dependent child","","","","No","1",""
"44","Dummy Test 0044","Aditya","Dev","Patel","aditya.patel044@examplecorp.test","9876500044","1","ADDITION","Payroll","mumbai","Self","20096","1993-09-18","2026-03-20","Employee row","S","909555","IC","No","1",""
"44.1","Dummy Test 0044","Spouse","Aditya","Patel","","","","ADDITION","Active","","Spouse","Female","2001-12-27","","Dependent spouse","","","","No","1",""
"44.2","Dummy Test 0044","Child","Aditya","Patel","","","","ADDITION","Active","","Child","Male","2020-03-04","","Dependent child","","","","No","1",""
"45","Dummy Test 0045","Vihaan","Pratap","Iyer","vihaan.iyer045@examplecorp.test","9876500045","1","ADDITION","Payroll","mumbai","Self","20096","1994-10-19","2026-04-21","Employee row","M","910555","IC","No","1",""
"45.1","Dummy Test 0045","Spouse","Vihaan","Iyer","","","","ADDITION","Active","","Spouse","Male","1987-01-01","","Dependent spouse","","","","No","1",""
"45.2","Dummy Test 0045","Child","Vihaan","Iyer","","","","ADDITION","Active","","Child","Female","2012-04-05","","Dependent child","","","","No","1",""
"46","Dummy Test 0046","Arjun","Nitin","Mehta","arjun.mehta046@examplecorp.test","9876500046","1","ADDITION","Payroll","mumbai","Self","20096","1995-11-20","2026-05-22","Employee row","S","911555","IC","No","1",""
"46.1","Dummy Test 0046","Spouse","Arjun","Mehta","","","","ADDITION","Active","","Spouse","Female","1988-02-02","","Dependent spouse","","","","No","1",""
"46.2","Dummy Test 0046","Child","Arjun","Mehta","","","","ADDITION","Active","","Child","Male","2013-05-06","","Dependent child","","","","No","1",""
"47","Dummy Test 0047","Sai","Vijay","Desai","sai.desai047@examplecorp.test","9876500047","1","ADDITION","Payroll","mumbai","Self","20096","1996-12-21","2026-06-23","Employee row","S","912555","IC","No","1",""
"47.1","Dummy Test 0047","Spouse","Sai","Desai","","","","ADDITION","Active","","Spouse","Male","1989-03-03","","Dependent spouse","","","","No","1",""
"47.2","Dummy Test 0047","Child","Sai","Desai","","","","ADDITION","Active","","Child","Female","2014-06-07","","Dependent child","","","","No","1",""
"48","Dummy Test 0048","Reyansh","Mohan","Kapoor","reyansh.kapoor048@examplecorp.test","9876500048","1","ADDITION","Payroll","mumbai","Self","20096","1997-01-22","2026-07-24","Employee row","M","913555","IC","No","1",""
"48.1","Dummy Test 0048","Spouse","Reyansh","Kapoor","","","","ADDITION","Active","","Spouse","Female","1990-04-04","","Dependent spouse","","","","No","1",""
"48.2","Dummy Test 0048","Child","Reyansh","Kapoor","","","","ADDITION","Active","","Child","Male","2015-07-08","","Dependent child","","","","No","1",""
"49","Dummy Test 0049","Ayaan","Brijesh","Singh","ayaan.singh049@examplecorp.test","9876500049","1","ADDITION","Payroll","mumbai","Self","20096","1998-02-23","2026-01-25","Employee row","S","914555","IC","No","1",""
"49.1","Dummy Test 0049","Spouse","Ayaan","Singh","","","","ADDITION","Active","","Spouse","Male","1991-05-05","","Dependent spouse","","","","No","1",""
"49.2","Dummy Test 0049","Child","Ayaan","Singh","","","","ADDITION","Active","","Child","Female","2016-08-09","","Dependent child","","","","No","1",""
"50","Dummy Test 0050","Krishna","Kumar","Sharma","krishna.sharma050@examplecorp.test","9876500050","1","ADDITION","Payroll","mumbai","Self","20096","1999-03-24","2026-02-01","Employee row","S","915555","IC","Yes","1",""
"50.1","Dummy Test 0050","Spouse","Krishna","Sharma","","","","ADDITION","Active","","Spouse","Female","1992-06-06","","Dependent spouse","","","","No","1",""
"50.2","Dummy Test 0050","Child","Krishna","Sharma","","","","ADDITION","Active","","Child","Male","2017-09-10","","Dependent child","","","","No","1",""
"51","Dummy Test 0051","Ishaan","Raj","Nair","ishaan.nair051@examplecorp.test","9876500051","1","ADDITION","Payroll","mumbai","Self","20096","2000-04-25","2026-03-02","Employee row","M","916555","IC","No","1",""
"51.1","Dummy Test 0051","Spouse","Ishaan","Nair","","","","ADDITION","Active","","Spouse","Male","1993-07-07","","Dependent spouse","","","","No","1",""
"51.2","Dummy Test 0051","Child","Ishaan","Nair","","","","ADDITION","Active","","Child","Female","2018-10-11","","Dependent child","","","","No","1",""
"52","Dummy Test 0052","Kabir","Dev","Chatterjee","kabir.chatterjee052@examplecorp.test","9876500052","1","ADDITION","Payroll","mumbai","Self","20096","2001-05-26","2026-04-03","Employee row","S","917555","IC","No","1",""
"52.1","Dummy Test 0052","Spouse","Kabir","Chatterjee","","","","ADDITION","Active","","Spouse","Female","1994-08-08","","Dependent spouse","","","","No","1",""
"52.2","Dummy Test 0052","Child","Kabir","Chatterjee","","","","ADDITION","Active","","Child","Male","2019-11-12","","Dependent child","","","","No","1",""
"53","Dummy Test 0053","Dhruv","Pratap","Verma","dhruv.verma053@examplecorp.test","9876500053","1","ADDITION","Payroll","mumbai","Self","20096","2002-06-27","2026-05-04","Employee row","S","918555","IC","No","1",""
"53.1","Dummy Test 0053","Spouse","Dhruv","Verma","","","","ADDITION","Active","","Spouse","Male","1995-09-09","","Dependent spouse","","","","No","1",""
"53.2","Dummy Test 0053","Child","Dhruv","Verma","","","","ADDITION","Active","","Child","Female","2020-12-13","","Dependent child","","","","No","1",""
"54","Dummy Test 0054","Rohan","Nitin","Rao","rohan.rao054@examplecorp.test","9876500054","1","ADDITION","Payroll","mumbai","Self","20096","1985-07-01","2026-06-05","Employee row","M","919555","IC","No","1",""
"54.1","Dummy Test 0054","Spouse","Rohan","Rao","","","","ADDITION","Active","","Spouse","Female","1996-10-10","","Dependent spouse","","","","No","1",""
"54.2","Dummy Test 0054","Child","Rohan","Rao","","","","ADDITION","Active","","Child","Male","2012-01-14","","Dependent child","","","","No","1",""
"55","Dummy Test 0055","Karan","Vijay","Malhotra","karan.malhotra055@examplecorp.test","9876500055","1","ADDITION","Payroll","mumbai","Self","20096","1986-08-02","2026-07-06","Employee row","S","920555","IC","No","1",""
"55.1","Dummy Test 0055","Spouse","Karan","Malhotra","","","","ADDITION","Active","","Spouse","Male","1997-11-11","","Dependent spouse","","","","No","1",""
"55.2","Dummy Test 0055","Child","Karan","Malhotra","","","","ADDITION","Active","","Child","Female","2013-02-15","","Dependent child","","","","No","1",""
"56","Dummy Test 0056","Nikhil","Mohan","Patel","nikhil.patel056@examplecorp.test","9876500056","1","ADDITION","Payroll","mumbai","Self","20096","1987-09-03","2026-01-07","Employee row","S","921555","IC","No","1",""
"56.1","Dummy Test 0056","Spouse","Nikhil","Patel","","","","ADDITION","Active","","Spouse","Female","1998-12-12","","Dependent spouse","","","","No","1",""
"56.2","Dummy Test 0056","Child","Nikhil","Patel","","","","ADDITION","Active","","Child","Male","2014-03-16","","Dependent child","","","","No","1",""
"57","Dummy Test 0057","Rahul","Brijesh","Iyer","rahul.iyer057@examplecorp.test","9876500057","1","ADDITION","Payroll","mumbai","Self","20096","1988-10-04","2026-02-08","Employee row","M","922555","IC","No","1",""
"57.1","Dummy Test 0057","Spouse","Rahul","Iyer","","","","ADDITION","Active","","Spouse","Male","1999-01-13","","Dependent spouse","","","","No","1",""
"57.2","Dummy Test 0057","Child","Rahul","Iyer","","","","ADDITION","Active","","Child","Female","2015-04-17","","Dependent child","","","","No","1",""
"58","Dummy Test 0058","Amit","Kumar","Mehta","amit.mehta058@examplecorp.test","9876500058","1","ADDITION","Payroll","mumbai","Self","20096","1989-11-05","2026-03-09","Employee row","S","923555","IC","No","1",""
"58.1","Dummy Test 0058","Spouse","Amit","Mehta","","","","ADDITION","Active","","Spouse","Female","2000-02-14","","Dependent spouse","","","","No","1",""
"58.2","Dummy Test 0058","Child","Amit","Mehta","","","","ADDITION","Active","","Child","Male","2016-05-18","","Dependent child","","","","No","1",""
"59","Dummy Test 0059","Siddharth","Raj","Desai","siddharth.desai059@examplecorp.test","9876500059","1","ADDITION","Payroll","mumbai","Self","20096","1990-12-06","2026-04-10","Employee row","S","924555","IC","No","1",""
"59.1","Dummy Test 0059","Spouse","Siddharth","Desai","","","","ADDITION","Active","","Spouse","Male","2001-03-15","","Dependent spouse","","","","No","1",""
"59.2","Dummy Test 0059","Child","Siddharth","Desai","","","","ADDITION","Active","","Child","Female","2017-06-19","","Dependent child","","","","No","1",""
"60","Dummy Test 0060","Yash","Dev","Kapoor","yash.kapoor060@examplecorp.test","9876500060","1","ADDITION","Payroll","mumbai","Self","20096","1991-01-07","2026-05-11","Employee row","M","925555","IC","Yes","1",""
"60.1","Dummy Test 0060","Spouse","Yash","Kapoor","","","","ADDITION","Active","","Spouse","Female","1987-04-16","","Dependent spouse","","","","No","1",""
"60.2","Dummy Test 0060","Child","Yash","Kapoor","","","","ADDITION","Active","","Child","Male","2018-07-20","","Dependent child","","","","No","1",""
"61","Dummy Test 0061","Satveer","Pratap","Singh","satveer.singh061@examplecorp.test","9876500061","1","ADDITION","Payroll","mumbai","Self","20096","1992-02-08","2026-06-12","Employee row","S","926555","IC","No","1",""
"61.1","Dummy Test 0061","Spouse","Satveer","Singh","","","","ADDITION","Active","","Spouse","Male","1988-05-17","","Dependent spouse","","","","No","1",""
"61.2","Dummy Test 0061","Child","Satveer","Singh","","","","ADDITION","Active","","Child","Female","2019-08-21","","Dependent child","","","","No","1",""
"62","Dummy Test 0062","Aarav","Nitin","Sharma","aarav.sharma062@examplecorp.test","9876500062","1","ADDITION","Payroll","mumbai","Self","20096","1993-03-09","2026-07-13","Employee row","S","927555","IC","No","1",""
"62.1","Dummy Test 0062","Spouse","Aarav","Sharma","","","","ADDITION","Active","","Spouse","Female","1989-06-18","","Dependent spouse","","","","No","1",""
"62.2","Dummy Test 0062","Child","Aarav","Sharma","","","","ADDITION","Active","","Child","Male","2020-09-22","","Dependent child","","","","No","1",""
"63","Dummy Test 0063","Vivaan","Vijay","Nair","vivaan.nair063@examplecorp.test","9876500063","1","ADDITION","Payroll","mumbai","Self","20096","1994-04-10","2026-01-14","Employee row","M","928555","IC","No","1",""
"63.1","Dummy Test 0063","Spouse","Vivaan","Nair","","","","ADDITION","Active","","Spouse","Male","1990-07-19","","Dependent spouse","","","","No","1",""
"63.2","Dummy Test 0063","Child","Vivaan","Nair","","","","ADDITION","Active","","Child","Female","2012-10-23","","Dependent child","","","","No","1",""
"64","Dummy Test 0064","Aditya","Mohan","Chatterjee","aditya.chatterjee064@examplecorp.test","9876500064","1","ADDITION","Payroll","mumbai","Self","20096","1995-05-11","2026-02-15","Employee row","S","929555","IC","No","1",""
"64.1","Dummy Test 0064","Spouse","Aditya","Chatterjee","","","","ADDITION","Active","","Spouse","Female","1991-08-20","","Dependent spouse","","","","No","1",""
"64.2","Dummy Test 0064","Child","Aditya","Chatterjee","","","","ADDITION","Active","","Child","Male","2013-11-24","","Dependent child","","","","No","1",""
"65","Dummy Test 0065","Vihaan","Brijesh","Verma","vihaan.verma065@examplecorp.test","9876500065","1","ADDITION","Payroll","mumbai","Self","20096","1996-06-12","2026-03-16","Employee row","S","930555","IC","No","1",""
"65.1","Dummy Test 0065","Spouse","Vihaan","Verma","","","","ADDITION","Active","","Spouse","Male","1992-09-21","","Dependent spouse","","","","No","1",""
"65.2","Dummy Test 0065","Child","Vihaan","Verma","","","","ADDITION","Active","","Child","Female","2014-12-25","","Dependent child","","","","No","1",""
"66","Dummy Test 0066","Arjun","Kumar","Rao","arjun.rao066@examplecorp.test","9876500066","1","ADDITION","Payroll","mumbai","Self","20096","1997-07-13","2026-04-17","Employee row","M","931555","IC","No","1",""
"66.1","Dummy Test 0066","Spouse","Arjun","Rao","","","","ADDITION","Active","","Spouse","Female","1993-10-22","","Dependent spouse","","","","No","1",""
"66.2","Dummy Test 0066","Child","Arjun","Rao","","","","ADDITION","Active","","Child","Male","2015-01-26","","Dependent child","","","","No","1",""
"67","Dummy Test 0067","Sai","Raj","Malhotra","sai.malhotra067@examplecorp.test","9876500067","1","ADDITION","Payroll","mumbai","Self","20096","1998-08-14","2026-05-18","Employee row","S","932555","IC","No","1",""
"67.1","Dummy Test 0067","Spouse","Sai","Malhotra","","","","ADDITION","Active","","Spouse","Male","1994-11-23","","Dependent spouse","","","","No","1",""
"67.2","Dummy Test 0067","Child","Sai","Malhotra","","","","ADDITION","Active","","Child","Female","2016-02-27","","Dependent child","","","","No","1",""
"68","Dummy Test 0068","Reyansh","Dev","Patel","reyansh.patel068@examplecorp.test","9876500068","1","ADDITION","Payroll","mumbai","Self","20096","1999-09-15","2026-06-19","Employee row","S","933555","IC","No","1",""
"68.1","Dummy Test 0068","Spouse","Reyansh","Patel","","","","ADDITION","Active","","Spouse","Female","1995-12-24","","Dependent spouse","","","","No","1",""
"68.2","Dummy Test 0068","Child","Reyansh","Patel","","","","ADDITION","Active","","Child","Male","2017-03-01","","Dependent child","","","","No","1",""
"69","Dummy Test 0069","Ayaan","Pratap","Iyer","ayaan.iyer069@examplecorp.test","9876500069","1","ADDITION","Payroll","mumbai","Self","20096","2000-10-16","2026-07-20","Employee row","M","934555","IC","No","1",""
"69.1","Dummy Test 0069","Spouse","Ayaan","Iyer","","","","ADDITION","Active","","Spouse","Male","1996-01-25","","Dependent spouse","","","","No","1",""
"69.2","Dummy Test 0069","Child","Ayaan","Iyer","","","","ADDITION","Active","","Child","Female","2018-04-02","","Dependent child","","","","No","1",""
"70","Dummy Test 0070","Krishna","Nitin","Mehta","krishna.mehta070@examplecorp.test","9876500070","1","ADDITION","Payroll","mumbai","Self","20096","2001-11-17","2026-01-21","Employee row","S","935555","IC","Yes","1",""
"70.1","Dummy Test 0070","Spouse","Krishna","Mehta","","","","ADDITION","Active","","Spouse","Female","1997-02-26","","Dependent spouse","","","","No","1",""
"70.2","Dummy Test 0070","Child","Krishna","Mehta","","","","ADDITION","Active","","Child","Male","2019-05-03","","Dependent child","","","","No","1",""
"71","Dummy Test 0071","Ishaan","Vijay","Desai","ishaan.desai071@examplecorp.test","9876500071","1","ADDITION","Payroll","mumbai","Self","20096","2002-12-18","2026-02-22","Employee row","S","936555","IC","No","1",""
"71.1","Dummy Test 0071","Spouse","Ishaan","Desai","","","","ADDITION","Active","","Spouse","Male","1998-03-27","","Dependent spouse","","","","No","1",""
"71.2","Dummy Test 0071","Child","Ishaan","Desai","","","","ADDITION","Active","","Child","Female","2020-06-04","","Dependent child","","","","No","1",""
"72","Dummy Test 0072","Kabir","Mohan","Kapoor","kabir.kapoor072@examplecorp.test","9876500072","1","ADDITION","Payroll","mumbai","Self","20096","1985-01-19","2026-03-23","Employee row","M","937555","IC","No","1",""
"72.1","Dummy Test 0072","Spouse","Kabir","Kapoor","","","","ADDITION","Active","","Spouse","Female","1999-04-01","","Dependent spouse","","","","No","1",""
"72.2","Dummy Test 0072","Child","Kabir","Kapoor","","","","ADDITION","Active","","Child","Male","2012-07-05","","Dependent child","","","","No","1",""
"73","Dummy Test 0073","Dhruv","Brijesh","Singh","dhruv.singh073@examplecorp.test","9876500073","1","ADDITION","Payroll","mumbai","Self","20096","1986-02-20","2026-04-24","Employee row","S","938555","IC","No","1",""
"73.1","Dummy Test 0073","Spouse","Dhruv","Singh","","","","ADDITION","Active","","Spouse","Male","2000-05-02","","Dependent spouse","","","","No","1",""
"73.2","Dummy Test 0073","Child","Dhruv","Singh","","","","ADDITION","Active","","Child","Female","2013-08-06","","Dependent child","","","","No","1",""
"74","Dummy Test 0074","Rohan","Kumar","Sharma","rohan.sharma074@examplecorp.test","9876500074","1","ADDITION","Payroll","mumbai","Self","20096","1987-03-21","2026-05-25","Employee row","S","939555","IC","No","1",""
"74.1","Dummy Test 0074","Spouse","Rohan","Sharma","","","","ADDITION","Active","","Spouse","Female","2001-06-03","","Dependent spouse","","","","No","1",""
"74.2","Dummy Test 0074","Child","Rohan","Sharma","","","","ADDITION","Active","","Child","Male","2014-09-07","","Dependent child","","","","No","1",""
"75","Dummy Test 0075","Karan","Raj","Nair","karan.nair075@examplecorp.test","9876500075","1","ADDITION","Payroll","mumbai","Self","20096","1988-04-22","2026-06-01","Employee row","M","940555","IC","No","1",""
"75.1","Dummy Test 0075","Spouse","Karan","Nair","","","","ADDITION","Active","","Spouse","Male","1987-07-04","","Dependent spouse","","","","No","1",""
"75.2","Dummy Test 0075","Child","Karan","Nair","","","","ADDITION","Active","","Child","Female","2015-10-08","","Dependent child","","","","No","1",""
"76","Dummy Test 0076","Nikhil","Dev","Chatterjee","nikhil.chatterjee076@examplecorp.test","9876500076","1","ADDITION","Payroll","mumbai","Self","20096","1989-05-23","2026-07-02","Employee row","S","941555","IC","No","1",""
"76.1","Dummy Test 0076","Spouse","Nikhil","Chatterjee","","","","ADDITION","Active","","Spouse","Female","1988-08-05","","Dependent spouse","","","","No","1",""
"76.2","Dummy Test 0076","Child","Nikhil","Chatterjee","","","","ADDITION","Active","","Child","Male","2016-11-09","","Dependent child","","","","No","1",""
"77","Dummy Test 0077","Rahul","Pratap","Verma","rahul.verma077@examplecorp.test","9876500077","1","ADDITION","Payroll","mumbai","Self","20096","1990-06-24","2026-01-03","Employee row","S","942555","IC","No","1",""
"77.1","Dummy Test 0077","Spouse","Rahul","Verma","","","","ADDITION","Active","","Spouse","Male","1989-09-06","","Dependent spouse","","","","No","1",""
"77.2","Dummy Test 0077","Child","Rahul","Verma","","","","ADDITION","Active","","Child","Female","2017-12-10","","Dependent child","","","","No","1",""
"78","Dummy Test 0078","Amit","Nitin","Rao","amit.rao078@examplecorp.test","9876500078","1","ADDITION","Payroll","mumbai","Self","20096","1991-07-25","2026-02-04","Employee row","M","943555","IC","No","1",""
"78.1","Dummy Test 0078","Spouse","Amit","Rao","","","","ADDITION","Active","","Spouse","Female","1990-10-07","","Dependent spouse","","","","No","1",""
"78.2","Dummy Test 0078","Child","Amit","Rao","","","","ADDITION","Active","","Child","Male","2018-01-11","","Dependent child","","","","No","1",""
"79","Dummy Test 0079","Siddharth","Vijay","Malhotra","siddharth.malhotra079@examplecorp.test","9876500079","1","ADDITION","Payroll","mumbai","Self","20096","1992-08-26","2026-03-05","Employee row","S","944555","IC","No","1",""
"79.1","Dummy Test 0079","Spouse","Siddharth","Malhotra","","","","ADDITION","Active","","Spouse","Male","1991-11-08","","Dependent spouse","","","","No","1",""
"79.2","Dummy Test 0079","Child","Siddharth","Malhotra","","","","ADDITION","Active","","Child","Female","2019-02-12","","Dependent child","","","","No","1",""
"80","Dummy Test 0080","Yash","Mohan","Patel","yash.patel080@examplecorp.test","9876500080","1","ADDITION","Payroll","mumbai","Self","20096","1993-09-27","2026-04-06","Employee row","S","945555","IC","Yes","1",""
"80.1","Dummy Test 0080","Spouse","Yash","Patel","","","","ADDITION","Active","","Spouse","Female","1992-12-09","","Dependent spouse","","","","No","1",""
"80.2","Dummy Test 0080","Child","Yash","Patel","","","","ADDITION","Active","","Child","Male","2020-03-13","","Dependent child","","","","No","1",""
"81","Dummy Test 0081","Satveer","Brijesh","Iyer","satveer.iyer081@examplecorp.test","9876500081","1","ADDITION","Payroll","mumbai","Self","20096","1994-10-01","2026-05-07","Employee row","M","946555","IC","No","1",""
"81.1","Dummy Test 0081","Spouse","Satveer","Iyer","","","","ADDITION","Active","","Spouse","Male","1993-01-10","","Dependent spouse","","","","No","1",""
"81.2","Dummy Test 0081","Child","Satveer","Iyer","","","","ADDITION","Active","","Child","Female","2012-04-14","","Dependent child","","","","No","1",""
"82","Dummy Test 0082","Aarav","Kumar","Mehta","aarav.mehta082@examplecorp.test","9876500082","1","ADDITION","Payroll","mumbai","Self","20096","1995-11-02","2026-06-08","Employee row","S","947555","IC","No","1",""
"82.1","Dummy Test 0082","Spouse","Aarav","Mehta","","","","ADDITION","Active","","Spouse","Female","1994-02-11","","Dependent spouse","","","","No","1",""
"82.2","Dummy Test 0082","Child","Aarav","Mehta","","","","ADDITION","Active","","Child","Male","2013-05-15","","Dependent child","","","","No","1",""
"83","Dummy Test 0083","Vivaan","Raj","Desai","vivaan.desai083@examplecorp.test","9876500083","1","ADDITION","Payroll","mumbai","Self","20096","1996-12-03","2026-07-09","Employee row","S","948555","IC","No","1",""
"83.1","Dummy Test 0083","Spouse","Vivaan","Desai","","","","ADDITION","Active","","Spouse","Male","1995-03-12","","Dependent spouse","","","","No","1",""
"83.2","Dummy Test 0083","Child","Vivaan","Desai","","","","ADDITION","Active","","Child","Female","2014-06-16","","Dependent child","","","","No","1",""
"84","Dummy Test 0084","Aditya","Dev","Kapoor","aditya.kapoor084@examplecorp.test","9876500084","1","ADDITION","Payroll","mumbai","Self","20096","1997-01-04","2026-01-10","Employee row","M","949555","IC","No","1",""
"84.1","Dummy Test 0084","Spouse","Aditya","Kapoor","","","","ADDITION","Active","","Spouse","Female","1996-04-13","","Dependent spouse","","","","No","1",""
"84.2","Dummy Test 0084","Child","Aditya","Kapoor","","","","ADDITION","Active","","Child","Male","2015-07-17","","Dependent child","","","","No","1",""
"85","Dummy Test 0085","Vihaan","Pratap","Singh","vihaan.singh085@examplecorp.test","9876500085","1","ADDITION","Payroll","mumbai","Self","20096","1998-02-05","2026-02-11","Employee row","S","950555","IC","No","1",""
"85.1","Dummy Test 0085","Spouse","Vihaan","Singh","","","","ADDITION","Active","","Spouse","Male","1997-05-14","","Dependent spouse","","","","No","1",""
"85.2","Dummy Test 0085","Child","Vihaan","Singh","","","","ADDITION","Active","","Child","Female","2016-08-18","","Dependent child","","","","No","1",""
"86","Dummy Test 0086","Arjun","Nitin","Sharma","arjun.sharma086@examplecorp.test","9876500086","1","ADDITION","Payroll","mumbai","Self","20096","1999-03-06","2026-03-12","Employee row","S","951555","IC","No","1",""
"86.1","Dummy Test 0086","Spouse","Arjun","Sharma","","","","ADDITION","Active","","Spouse","Female","1998-06-15","","Dependent spouse","","","","No","1",""
"86.2","Dummy Test 0086","Child","Arjun","Sharma","","","","ADDITION","Active","","Child","Male","2017-09-19","","Dependent child","","","","No","1",""
"87","Dummy Test 0087","Sai","Vijay","Nair","sai.nair087@examplecorp.test","9876500087","1","ADDITION","Payroll","mumbai","Self","20096","2000-04-07","2026-04-13","Employee row","M","952555","IC","No","1",""
"87.1","Dummy Test 0087","Spouse","Sai","Nair","","","","ADDITION","Active","","Spouse","Male","1999-07-16","","Dependent spouse","","","","No","1",""
"87.2","Dummy Test 0087","Child","Sai","Nair","","","","ADDITION","Active","","Child","Female","2018-10-20","","Dependent child","","","","No","1",""
"88","Dummy Test 0088","Reyansh","Mohan","Chatterjee","reyansh.chatterjee088@examplecorp.test","9876500088","1","ADDITION","Payroll","mumbai","Self","20096","2001-05-08","2026-05-14","Employee row","S","953555","IC","No","1",""
"88.1","Dummy Test 0088","Spouse","Reyansh","Chatterjee","","","","ADDITION","Active","","Spouse","Female","2000-08-17","","Dependent spouse","","","","No","1",""
"88.2","Dummy Test 0088","Child","Reyansh","Chatterjee","","","","ADDITION","Active","","Child","Male","2019-11-21","","Dependent child","","","","No","1",""
"89","Dummy Test 0089","Ayaan","Brijesh","Verma","ayaan.verma089@examplecorp.test","9876500089","1","ADDITION","Payroll","mumbai","Self","20096","2002-06-09","2026-06-15","Employee row","S","954555","IC","No","1",""
"89.1","Dummy Test 0089","Spouse","Ayaan","Verma","","","","ADDITION","Active","","Spouse","Male","2001-09-18","","Dependent spouse","","","","No","1",""
"89.2","Dummy Test 0089","Child","Ayaan","Verma","","","","ADDITION","Active","","Child","Female","2020-12-22","","Dependent child","","","","No","1",""
"90","Dummy Test 0090","Krishna","Kumar","Rao","krishna.rao090@examplecorp.test","9876500090","1","ADDITION","Payroll","mumbai","Self","20096","1985-07-10","2026-07-16","Employee row","M","955555","IC","Yes","1",""
"90.1","Dummy Test 0090","Spouse","Krishna","Rao","","","","ADDITION","Active","","Spouse","Female","1987-10-19","","Dependent spouse","","","","No","1",""
"90.2","Dummy Test 0090","Child","Krishna","Rao","","","","ADDITION","Active","","Child","Male","2012-01-23","","Dependent child","","","","No","1",""
"91","Dummy Test 0091","Ishaan","Raj","Malhotra","ishaan.malhotra091@examplecorp.test","9876500091","1","ADDITION","Payroll","mumbai","Self","20096","1986-08-11","2026-01-17","Employee row","S","956555","IC","No","1",""
"91.1","Dummy Test 0091","Spouse","Ishaan","Malhotra","","","","ADDITION","Active","","Spouse","Male","1988-11-20","","Dependent spouse","","","","No","1",""
"91.2","Dummy Test 0091","Child","Ishaan","Malhotra","","","","ADDITION","Active","","Child","Female","2013-02-24","","Dependent child","","","","No","1",""
"92","Dummy Test 0092","Kabir","Dev","Patel","kabir.patel092@examplecorp.test","9876500092","1","ADDITION","Payroll","mumbai","Self","20096","1987-09-12","2026-02-18","Employee row","S","957555","IC","No","1",""
"92.1","Dummy Test 0092","Spouse","Kabir","Patel","","","","ADDITION","Active","","Spouse","Female","1989-12-21","","Dependent spouse","","","","No","1",""
"92.2","Dummy Test 0092","Child","Kabir","Patel","","","","ADDITION","Active","","Child","Male","2014-03-25","","Dependent child","","","","No","1",""
"93","Dummy Test 0093","Dhruv","Pratap","Iyer","dhruv.iyer093@examplecorp.test","9876500093","1","ADDITION","Payroll","mumbai","Self","20096","1988-10-13","2026-03-19","Employee row","M","958555","IC","No","1",""
"93.1","Dummy Test 0093","Spouse","Dhruv","Iyer","","","","ADDITION","Active","","Spouse","Male","1990-01-22","","Dependent spouse","","","","No","1",""
"93.2","Dummy Test 0093","Child","Dhruv","Iyer","","","","ADDITION","Active","","Child","Female","2015-04-26","","Dependent child","","","","No","1",""
"94","Dummy Test 0094","Rohan","Nitin","Mehta","rohan.mehta094@examplecorp.test","9876500094","1","ADDITION","Payroll","mumbai","Self","20096","1989-11-14","2026-04-20","Employee row","S","959555","IC","No","1",""
"94.1","Dummy Test 0094","Spouse","Rohan","Mehta","","","","ADDITION","Active","","Spouse","Female","1991-02-23","","Dependent spouse","","","","No","1",""
"94.2","Dummy Test 0094","Child","Rohan","Mehta","","","","ADDITION","Active","","Child","Male","2016-05-27","","Dependent child","","","","No","1",""
"95","Dummy Test 0095","Karan","Vijay","Desai","karan.desai095@examplecorp.test","9876500095","1","ADDITION","Payroll","mumbai","Self","20096","1990-12-15","2026-05-21","Employee row","S","960555","IC","No","1",""
"95.1","Dummy Test 0095","Spouse","Karan","Desai","","","","ADDITION","Active","","Spouse","Male","1992-03-24","","Dependent spouse","","","","No","1",""
"95.2","Dummy Test 0095","Child","Karan","Desai","","","","ADDITION","Active","","Child","Female","2017-06-01","","Dependent child","","","","No","1",""
"96","Dummy Test 0096","Nikhil","Mohan","Kapoor","nikhil.kapoor096@examplecorp.test","9876500096","1","ADDITION","Payroll","mumbai","Self","20096","1991-01-16","2026-06-22","Employee row","M","961555","IC","No","1",""
"96.1","Dummy Test 0096","Spouse","Nikhil","Kapoor","","","","ADDITION","Active","","Spouse","Female","1993-04-25","","Dependent spouse","","","","No","1",""
"96.2","Dummy Test 0096","Child","Nikhil","Kapoor","","","","ADDITION","Active","","Child","Male","2018-07-02","","Dependent child","","","","No","1",""
"97","Dummy Test 0097","Rahul","Brijesh","Singh","rahul.singh097@examplecorp.test","9876500097","1","ADDITION","Payroll","mumbai","Self","20096","1992-02-17","2026-07-23","Employee row","S","962555","IC","No","1",""
"97.1","Dummy Test 0097","Spouse","Rahul","Singh","","","","ADDITION","Active","","Spouse","Male","1994-05-26","","Dependent spouse","","","","No","1",""
"97.2","Dummy Test 0097","Child","Rahul","Singh","","","","ADDITION","Active","","Child","Female","2019-08-03","","Dependent child","","","","No","1",""
"98","Dummy Test 0098","Amit","Kumar","Sharma","amit.sharma098@examplecorp.test","9876500098","1","ADDITION","Payroll","mumbai","Self","20096","1993-03-18","2026-01-24","Employee row","S","963555","IC","No","1",""
"98.1","Dummy Test 0098","Spouse","Amit","Sharma","","","","ADDITION","Active","","Spouse","Female","1995-06-27","","Dependent spouse","","","","No","1",""
"98.2","Dummy Test 0098","Child","Amit","Sharma","","","","ADDITION","Active","","Child","Male","2020-09-04","","Dependent child","","","","No","1",""
"99","Dummy Test 0099","Siddharth","Raj","Nair","siddharth.nair099@examplecorp.test","9876500099","1","ADDITION","Payroll","mumbai","Self","20096","1994-04-19","2026-02-25","Employee row","M","964555","IC","No","1",""
"99.1","Dummy Test 0099","Spouse","Siddharth","Nair","","","","ADDITION","Active","","Spouse","Male","1996-07-01","","Dependent spouse","","","","No","1",""
"99.2","Dummy Test 0099","Child","Siddharth","Nair","","","","ADDITION","Active","","Child","Female","2012-10-05","","Dependent child","","","","No","1",""
"100","Dummy Test 0100","Yash","Dev","Chatterjee","yash.chatterjee100@examplecorp.test","9876500100","1","ADDITION","Payroll","mumbai","Self","20096","1995-05-20","2026-03-01","Employee row","S","965555","IC","Yes","1",""
"100.1","Dummy Test 0100","Spouse","Yash","Chatterjee","","","","ADDITION","Active","","Spouse","Female","1997-08-02","","Dependent spouse","","","","No","1",""
"100.2","Dummy Test 0100","Child","Yash","Chatterjee","","","","ADDITION","Active","","Child","Male","2013-11-06","","Dependent child","","","","No","1",""
"101","Dummy Test 0101","Satveer","Pratap","Verma","satveer.verma101@examplecorp.test","9876500101","1","ADDITION","Payroll","mumbai","Self","20096","1996-06-21","2026-04-02","Employee row","S","966555","IC","No","1",""
"101.1","Dummy Test 0101","Spouse","Satveer","Verma","","","","ADDITION","Active","","Spouse","Male","1998-09-03","","Dependent spouse","","","","No","1",""
"101.2","Dummy Test 0101","Child","Satveer","Verma","","","","ADDITION","Active","","Child","Female","2014-12-07","","Dependent child","","","","No","1",""
"102","Dummy Test 0102","Aarav","Nitin","Rao","aarav.rao102@examplecorp.test","9876500102","1","ADDITION","Payroll","mumbai","Self","20096","1997-07-22","2026-05-03","Employee row","M","967555","IC","No","1",""
"102.1","Dummy Test 0102","Spouse","Aarav","Rao","","","","ADDITION","Active","","Spouse","Female","1999-10-04","","Dependent spouse","","","","No","1",""
"102.2","Dummy Test 0102","Child","Aarav","Rao","","","","ADDITION","Active","","Child","Male","2015-01-08","","Dependent child","","","","No","1",""
"103","Dummy Test 0103","Vivaan","Vijay","Malhotra","vivaan.malhotra103@examplecorp.test","9876500103","1","ADDITION","Payroll","mumbai","Self","20096","1998-08-23","2026-06-04","Employee row","S","968555","IC","No","1",""
"103.1","Dummy Test 0103","Spouse","Vivaan","Malhotra","","","","ADDITION","Active","","Spouse","Male","2000-11-05","","Dependent spouse","","","","No","1",""
"103.2","Dummy Test 0103","Child","Vivaan","Malhotra","","","","ADDITION","Active","","Child","Female","2016-02-09","","Dependent child","","","","No","1",""
"104","Dummy Test 0104","Aditya","Mohan","Patel","aditya.patel104@examplecorp.test","9876500104","1","ADDITION","Payroll","mumbai","Self","20096","1999-09-24","2026-07-05","Employee row","S","969555","IC","No","1",""
"104.1","Dummy Test 0104","Spouse","Aditya","Patel","","","","ADDITION","Active","","Spouse","Female","2001-12-06","","Dependent spouse","","","","No","1",""
"104.2","Dummy Test 0104","Child","Aditya","Patel","","","","ADDITION","Active","","Child","Male","2017-03-10","","Dependent child","","","","No","1",""
"105","Dummy Test 0105","Vihaan","Brijesh","Iyer","vihaan.iyer105@examplecorp.test","9876500105","1","ADDITION","Payroll","mumbai","Self","20096","2000-10-25","2026-01-06","Employee row","M","970555","IC","No","1",""
"105.1","Dummy Test 0105","Spouse","Vihaan","Iyer","","","","ADDITION","Active","","Spouse","Male","1987-01-07","","Dependent spouse","","","","No","1",""
"105.2","Dummy Test 0105","Child","Vihaan","Iyer","","","","ADDITION","Active","","Child","Female","2018-04-11","","Dependent child","","","","No","1",""
"106","Dummy Test 0106","Arjun","Kumar","Mehta","arjun.mehta106@examplecorp.test","9876500106","1","ADDITION","Payroll","mumbai","Self","20096","2001-11-26","2026-02-07","Employee row","S","971555","IC","No","1",""
"106.1","Dummy Test 0106","Spouse","Arjun","Mehta","","","","ADDITION","Active","","Spouse","Female","1988-02-08","","Dependent spouse","","","","No","1",""
"106.2","Dummy Test 0106","Child","Arjun","Mehta","","","","ADDITION","Active","","Child","Male","2019-05-12","","Dependent child","","","","No","1",""
"107","Dummy Test 0107","Sai","Raj","Desai","sai.desai107@examplecorp.test","9876500107","1","ADDITION","Payroll","mumbai","Self","20096","2002-12-27","2026-03-08","Employee row","S","972555","IC","No","1",""
"107.1","Dummy Test 0107","Spouse","Sai","Desai","","","","ADDITION","Active","","Spouse","Male","1989-03-09","","Dependent spouse","","","","No","1",""
"107.2","Dummy Test 0107","Child","Sai","Desai","","","","ADDITION","Active","","Child","Female","2020-06-13","","Dependent child","","","","No","1",""
"108","Dummy Test 0108","Reyansh","Dev","Kapoor","reyansh.kapoor108@examplecorp.test","9876500108","1","ADDITION","Payroll","mumbai","Self","20096","1985-01-01","2026-04-09","Employee row","M","973555","IC","No","1",""
"108.1","Dummy Test 0108","Spouse","Reyansh","Kapoor","","","","ADDITION","Active","","Spouse","Female","1990-04-10","","Dependent spouse","","","","No","1",""
"108.2","Dummy Test 0108","Child","Reyansh","Kapoor","","","","ADDITION","Active","","Child","Male","2012-07-14","","Dependent child","","","","No","1",""
"109","Dummy Test 0109","Ayaan","Pratap","Singh","ayaan.singh109@examplecorp.test","9876500109","1","ADDITION","Payroll","mumbai","Self","20096","1986-02-02","2026-05-10","Employee row","S","974555","IC","No","1",""
"109.1","Dummy Test 0109","Spouse","Ayaan","Singh","","","","ADDITION","Active","","Spouse","Male","1991-05-11","","Dependent spouse","","","","No","1",""
"109.2","Dummy Test 0109","Child","Ayaan","Singh","","","","ADDITION","Active","","Child","Female","2013-08-15","","Dependent child","","","","No","1",""
"110","Dummy Test 0110","Krishna","Nitin","Sharma","krishna.sharma110@examplecorp.test","9876500110","1","ADDITION","Payroll","mumbai","Self","20096","1987-03-03","2026-06-11","Employee row","S","975555","IC","Yes","1",""
"110.1","Dummy Test 0110","Spouse","Krishna","Sharma","","","","ADDITION","Active","","Spouse","Female","1992-06-12","","Dependent spouse","","","","No","1",""
"110.2","Dummy Test 0110","Child","Krishna","Sharma","","","","ADDITION","Active","","Child","Male","2014-09-16","","Dependent child","","","","No","1",""
"111","Dummy Test 0111","Ishaan","Vijay","Nair","ishaan.nair111@examplecorp.test","9876500111","1","ADDITION","Payroll","mumbai","Self","20096","1988-04-04","2026-07-12","Employee row","M","976555","IC","No","1",""
"111.1","Dummy Test 0111","Spouse","Ishaan","Nair","","","","ADDITION","Active","","Spouse","Male","1993-07-13","","Dependent spouse","","","","No","1",""
"111.2","Dummy Test 0111","Child","Ishaan","Nair","","","","ADDITION","Active","","Child","Female","2015-10-17","","Dependent child","","","","No","1",""
"112","Dummy Test 0112","Kabir","Mohan","Chatterjee","kabir.chatterjee112@examplecorp.test","9876500112","1","ADDITION","Payroll","mumbai","Self","20096","1989-05-05","2026-01-13","Employee row","S","977555","IC","No","1",""
"112.1","Dummy Test 0112","Spouse","Kabir","Chatterjee","","","","ADDITION","Active","","Spouse","Female","1994-08-14","","Dependent spouse","","","","No","1",""
"112.2","Dummy Test 0112","Child","Kabir","Chatterjee","","","","ADDITION","Active","","Child","Male","2016-11-18","","Dependent child","","","","No","1",""
"113","Dummy Test 0113","Dhruv","Brijesh","Verma","dhruv.verma113@examplecorp.test","9876500113","1","ADDITION","Payroll","mumbai","Self","20096","1990-06-06","2026-02-14","Employee row","S","978555","IC","No","1",""
"113.1","Dummy Test 0113","Spouse","Dhruv","Verma","","","","ADDITION","Active","","Spouse","Male","1995-09-15","","Dependent spouse","","","","No","1",""
"113.2","Dummy Test 0113","Child","Dhruv","Verma","","","","ADDITION","Active","","Child","Female","2017-12-19","","Dependent child","","","","No","1",""
"114","Dummy Test 0114","Rohan","Kumar","Rao","rohan.rao114@examplecorp.test","9876500114","1","ADDITION","Payroll","mumbai","Self","20096","1991-07-07","2026-03-15","Employee row","M","979555","IC","No","1",""
"114.1","Dummy Test 0114","Spouse","Rohan","Rao","","","","ADDITION","Active","","Spouse","Female","1996-10-16","","Dependent spouse","","","","No","1",""
"114.2","Dummy Test 0114","Child","Rohan","Rao","","","","ADDITION","Active","","Child","Male","2018-01-20","","Dependent child","","","","No","1",""
"115","Dummy Test 0115","Karan","Raj","Malhotra","karan.malhotra115@examplecorp.test","9876500115","1","ADDITION","Payroll","mumbai","Self","20096","1992-08-08","2026-04-16","Employee row","S","980555","IC","No","1",""
"115.1","Dummy Test 0115","Spouse","Karan","Malhotra","","","","ADDITION","Active","","Spouse","Male","1997-11-17","","Dependent spouse","","","","No","1",""
"115.2","Dummy Test 0115","Child","Karan","Malhotra","","","","ADDITION","Active","","Child","Female","2019-02-21","","Dependent child","","","","No","1",""
"116","Dummy Test 0116","Nikhil","Dev","Patel","nikhil.patel116@examplecorp.test","9876500116","1","ADDITION","Payroll","mumbai","Self","20096","1993-09-09","2026-05-17","Employee row","S","981555","IC","No","1",""
"116.1","Dummy Test 0116","Spouse","Nikhil","Patel","","","","ADDITION","Active","","Spouse","Female","1998-12-18","","Dependent spouse","","","","No","1",""
"116.2","Dummy Test 0116","Child","Nikhil","Patel","","","","ADDITION","Active","","Child","Male","2020-03-22","","Dependent child","","","","No","1",""
"117","Dummy Test 0117","Rahul","Pratap","Iyer","rahul.iyer117@examplecorp.test","9876500117","1","ADDITION","Payroll","mumbai","Self","20096","1994-10-10","2026-06-18","Employee row","M","982555","IC","No","1",""
"117.1","Dummy Test 0117","Spouse","Rahul","Iyer","","","","ADDITION","Active","","Spouse","Male","1999-01-19","","Dependent spouse","","","","No","1",""
"117.2","Dummy Test 0117","Child","Rahul","Iyer","","","","ADDITION","Active","","Child","Female","2012-04-23","","Dependent child","","","","No","1",""
"118","Dummy Test 0118","Amit","Nitin","Mehta","amit.mehta118@examplecorp.test","9876500118","1","ADDITION","Payroll","mumbai","Self","20096","1995-11-11","2026-07-19","Employee row","S","983555","IC","No","1",""
"118.1","Dummy Test 0118","Spouse","Amit","Mehta","","","","ADDITION","Active","","Spouse","Female","2000-02-20","","Dependent spouse","","","","No","1",""
"118.2","Dummy Test 0118","Child","Amit","Mehta","","","","ADDITION","Active","","Child","Male","2013-05-24","","Dependent child","","","","No","1",""
"119","Dummy Test 0119","Siddharth","Vijay","Desai","siddharth.desai119@examplecorp.test","9876500119","1","ADDITION","Payroll","mumbai","Self","20096","1996-12-12","2026-01-20","Employee row","S","984555","IC","No","1",""
"119.1","Dummy Test 0119","Spouse","Siddharth","Desai","","","","ADDITION","Active","","Spouse","Male","2001-03-21","","Dependent spouse","","","","No","1",""
"119.2","Dummy Test 0119","Child","Siddharth","Desai","","","","ADDITION","Active","","Child","Female","2014-06-25","","Dependent child","","","","No","1",""
"120","Dummy Test 0120","Yash","Mohan","Kapoor","yash.kapoor120@examplecorp.test","9876500120","1","ADDITION","Payroll","mumbai","Self","20096","1997-01-13","2026-02-21","Employee row","M","985555","IC","Yes","1",""
"120.1","Dummy Test 0120","Spouse","Yash","Kapoor","","","","ADDITION","Active","","Spouse","Female","1987-04-22","","Dependent spouse","","","","No","1",""
"120.2","Dummy Test 0120","Child","Yash","Kapoor","","","","ADDITION","Active","","Child","Male","2015-07-26","","Dependent child","","","","No","1",""
"121","Dummy Test 0121","Satveer","Brijesh","Singh","satveer.singh121@examplecorp.test","9876500121","1","ADDITION","Payroll","mumbai","Self","20096","1998-02-14","2026-03-22","Employee row","S","986555","IC","No","1",""
"121.1","Dummy Test 0121","Spouse","Satveer","Singh","","","","ADDITION","Active","","Spouse","Male","1988-05-23","","Dependent spouse","","","","No","1",""
"121.2","Dummy Test 0121","Child","Satveer","Singh","","","","ADDITION","Active","","Child","Female","2016-08-27","","Dependent child","","","","No","1",""
"122","Dummy Test 0122","Aarav","Kumar","Sharma","aarav.sharma122@examplecorp.test","9876500122","1","ADDITION","Payroll","mumbai","Self","20096","1999-03-15","2026-04-23","Employee row","S","987555","IC","No","1",""
"122.1","Dummy Test 0122","Spouse","Aarav","Sharma","","","","ADDITION","Active","","Spouse","Female","1989-06-24","","Dependent spouse","","","","No","1",""
"122.2","Dummy Test 0122","Child","Aarav","Sharma","","","","ADDITION","Active","","Child","Male","2017-09-01","","Dependent child","","","","No","1",""
"123","Dummy Test 0123","Vivaan","Raj","Nair","vivaan.nair123@examplecorp.test","9876500123","1","ADDITION","Payroll","mumbai","Self","20096","2000-04-16","2026-05-24","Employee row","M","988555","IC","No","1",""
"123.1","Dummy Test 0123","Spouse","Vivaan","Nair","","","","ADDITION","Active","","Spouse","Male","1990-07-25","","Dependent spouse","","","","No","1",""
"123.2","Dummy Test 0123","Child","Vivaan","Nair","","","","ADDITION","Active","","Child","Female","2018-10-02","","Dependent child","","","","No","1",""
"124","Dummy Test 0124","Aditya","Dev","Chatterjee","aditya.chatterjee124@examplecorp.test","9876500124","1","ADDITION","Payroll","mumbai","Self","20096","2001-05-17","2026-06-25","Employee row","S","989555","IC","No","1",""
"124.1","Dummy Test 0124","Spouse","Aditya","Chatterjee","","","","ADDITION","Active","","Spouse","Female","1991-08-26","","Dependent spouse","","","","No","1",""
"124.2","Dummy Test 0124","Child","Aditya","Chatterjee","","","","ADDITION","Active","","Child","Male","2019-11-03","","Dependent child","","","","No","1",""
"125","Dummy Test 0125","Vihaan","Pratap","Verma","vihaan.verma125@examplecorp.test","9876500125","1","ADDITION","Payroll","mumbai","Self","20096","2002-06-18","2026-07-01","Employee row","S","990555","IC","No","1",""
"125.1","Dummy Test 0125","Spouse","Vihaan","Verma","","","","ADDITION","Active","","Spouse","Male","1992-09-27","","Dependent spouse","","","","No","1",""
"125.2","Dummy Test 0125","Child","Vihaan","Verma","","","","ADDITION","Active","","Child","Female","2020-12-04","","Dependent child","","","","No","1",""
"126","Dummy Test 0126","Arjun","Nitin","Rao","arjun.rao126@examplecorp.test","9876500126","1","ADDITION","Payroll","mumbai","Self","20096","1985-07-19","2026-01-02","Employee row","M","991555","IC","No","1",""
"126.1","Dummy Test 0126","Spouse","Arjun","Rao","","","","ADDITION","Active","","Spouse","Female","1993-10-01","","Dependent spouse","","","","No","1",""
"126.2","Dummy Test 0126","Child","Arjun","Rao","","","","ADDITION","Active","","Child","Male","2012-01-05","","Dependent child","","","","No","1",""
"127","Dummy Test 0127","Sai","Vijay","Malhotra","sai.malhotra127@examplecorp.test","9876500127","1","ADDITION","Payroll","mumbai","Self","20096","1986-08-20","2026-02-03","Employee row","S","992555","IC","No","1",""
"127.1","Dummy Test 0127","Spouse","Sai","Malhotra","","","","ADDITION","Active","","Spouse","Male","1994-11-02","","Dependent spouse","","","","No","1",""
"127.2","Dummy Test 0127","Child","Sai","Malhotra","","","","ADDITION","Active","","Child","Female","2013-02-06","","Dependent child","","","","No","1",""
"128","Dummy Test 0128","Reyansh","Mohan","Patel","reyansh.patel128@examplecorp.test","9876500128","1","ADDITION","Payroll","mumbai","Self","20096","1987-09-21","2026-03-04","Employee row","S","993555","IC","No","1",""
"128.1","Dummy Test 0128","Spouse","Reyansh","Patel","","","","ADDITION","Active","","Spouse","Female","1995-12-03","","Dependent spouse","","","","No","1",""
"128.2","Dummy Test 0128","Child","Reyansh","Patel","","","","ADDITION","Active","","Child","Male","2014-03-07","","Dependent child","","","","No","1",""
"129","Dummy Test 0129","Ayaan","Brijesh","Iyer","ayaan.iyer129@examplecorp.test","9876500129","1","ADDITION","Payroll","mumbai","Self","20096","1988-10-22","2026-04-05","Employee row","M","994555","IC","No","1",""
"129.1","Dummy Test 0129","Spouse","Ayaan","Iyer","","","","ADDITION","Active","","Spouse","Male","1996-01-04","","Dependent spouse","","","","No","1",""
"129.2","Dummy Test 0129","Child","Ayaan","Iyer","","","","ADDITION","Active","","Child","Female","2015-04-08","","Dependent child","","","","No","1",""
"130","Dummy Test 0130","Krishna","Kumar","Mehta","krishna.mehta130@examplecorp.test","9876500130","1","ADDITION","Payroll","mumbai","Self","20096","1989-11-23","2026-05-06","Employee row","S","995555","IC","Yes","1",""
"130.1","Dummy Test 0130","Spouse","Krishna","Mehta","","","","ADDITION","Active","","Spouse","Female","1997-02-05","","Dependent spouse","","","","No","1",""
"130.2","Dummy Test 0130","Child","Krishna","Mehta","","","","ADDITION","Active","","Child","Male","2016-05-09","","Dependent child","","","","No","1",""
"131","Dummy Test 0131","Ishaan","Raj","Desai","ishaan.desai131@examplecorp.test","9876500131","1","ADDITION","Payroll","mumbai","Self","20096","1990-12-24","2026-06-07","Employee row","S","996555","IC","No","1",""
"131.1","Dummy Test 0131","Spouse","Ishaan","Desai","","","","ADDITION","Active","","Spouse","Male","1998-03-06","","Dependent spouse","","","","No","1",""
"131.2","Dummy Test 0131","Child","Ishaan","Desai","","","","ADDITION","Active","","Child","Female","2017-06-10","","Dependent child","","","","No","1",""
"132","Dummy Test 0132","Kabir","Dev","Kapoor","kabir.kapoor132@examplecorp.test","9876500132","1","ADDITION","Payroll","mumbai","Self","20096","1991-01-25","2026-07-08","Employee row","M","997555","IC","No","1",""
"132.1","Dummy Test 0132","Spouse","Kabir","Kapoor","","","","ADDITION","Active","","Spouse","Female","1999-04-07","","Dependent spouse","","","","No","1",""
"132.2","Dummy Test 0132","Child","Kabir","Kapoor","","","","ADDITION","Active","","Child","Male","2018-07-11","","Dependent child","","","","No","1",""
"133","Dummy Test 0133","Dhruv","Pratap","Singh","dhruv.singh133@examplecorp.test","9876500133","1","ADDITION","Payroll","mumbai","Self","20096","1992-02-26","2026-01-09","Employee row","S","998555","IC","No","1",""
"133.1","Dummy Test 0133","Spouse","Dhruv","Singh","","","","ADDITION","Active","","Spouse","Male","2000-05-08","","Dependent spouse","","","","No","1",""
"133.2","Dummy Test 0133","Child","Dhruv","Singh","","","","ADDITION","Active","","Child","Female","2019-08-12","","Dependent child","","","","No","1",""
"134","Dummy Test 0134","Rohan","Nitin","Sharma","rohan.sharma134@examplecorp.test","9876500134","1","ADDITION","Payroll","mumbai","Self","20096","1993-03-27","2026-02-10","Employee row","S","999555","IC","No","1",""
"134.1","Dummy Test 0134","Spouse","Rohan","Sharma","","","","ADDITION","Active","","Spouse","Female","2001-06-09","","Dependent spouse","","","","No","1",""
"134.2","Dummy Test 0134","Child","Rohan","Sharma","","","","ADDITION","Active","","Child","Male","2020-09-13","","Dependent child","","","","No","1",""
"135","Dummy Test 0135","Karan","Vijay","Nair","karan.nair135@examplecorp.test","9876500135","1","ADDITION","Payroll","mumbai","Self","20096","1994-04-01","2026-03-11","Employee row","M","1000555","IC","No","1",""
"135.1","Dummy Test 0135","Spouse","Karan","Nair","","","","ADDITION","Active","","Spouse","Male","1987-07-10","","Dependent spouse","","","","No","1",""
"135.2","Dummy Test 0135","Child","Karan","Nair","","","","ADDITION","Active","","Child","Female","2012-10-14","","Dependent child","","","","No","1",""
"136","Dummy Test 0136","Nikhil","Mohan","Chatterjee","nikhil.chatterjee136@examplecorp.test","9876500136","1","ADDITION","Payroll","mumbai","Self","20096","1995-05-02","2026-04-12","Employee row","S","1001555","IC","No","1",""
"136.1","Dummy Test 0136","Spouse","Nikhil","Chatterjee","","","","ADDITION","Active","","Spouse","Female","1988-08-11","","Dependent spouse","","","","No","1",""
"136.2","Dummy Test 0136","Child","Nikhil","Chatterjee","","","","ADDITION","Active","","Child","Male","2013-11-15","","Dependent child","","","","No","1",""
"137","Dummy Test 0137","Rahul","Brijesh","Verma","rahul.verma137@examplecorp.test","9876500137","1","ADDITION","Payroll","mumbai","Self","20096","1996-06-03","2026-05-13","Employee row","S","1002555","IC","No","1",""
"137.1","Dummy Test 0137","Spouse","Rahul","Verma","","","","ADDITION","Active","","Spouse","Male","1989-09-12","","Dependent spouse","","","","No","1",""
"137.2","Dummy Test 0137","Child","Rahul","Verma","","","","ADDITION","Active","","Child","Female","2014-12-16","","Dependent child","","","","No","1",""
"138","Dummy Test 0138","Amit","Kumar","Rao","amit.rao138@examplecorp.test","9876500138","1","ADDITION","Payroll","mumbai","Self","20096","1997-07-04","2026-06-14","Employee row","M","1003555","IC","No","1",""
"138.1","Dummy Test 0138","Spouse","Amit","Rao","","","","ADDITION","Active","","Spouse","Female","1990-10-13","","Dependent spouse","","","","No","1",""
"138.2","Dummy Test 0138","Child","Amit","Rao","","","","ADDITION","Active","","Child","Male","2015-01-17","","Dependent child","","","","No","1",""
"139","Dummy Test 0139","Siddharth","Raj","Malhotra","siddharth.malhotra139@examplecorp.test","9876500139","1","ADDITION","Payroll","mumbai","Self","20096","1998-08-05","2026-07-15","Employee row","S","1004555","IC","No","1",""
"139.1","Dummy Test 0139","Spouse","Siddharth","Malhotra","","","","ADDITION","Active","","Spouse","Male","1991-11-14","","Dependent spouse","","","","No","1",""
"139.2","Dummy Test 0139","Child","Siddharth","Malhotra","","","","ADDITION","Active","","Child","Female","2016-02-18","","Dependent child","","","","No","1",""
"140","Dummy Test 0140","Yash","Dev","Patel","yash.patel140@examplecorp.test","9876500140","1","ADDITION","Payroll","mumbai","Self","20096","1999-09-06","2026-01-16","Employee row","S","1005555","IC","Yes","1",""
"140.1","Dummy Test 0140","Spouse","Yash","Patel","","","","ADDITION","Active","","Spouse","Female","1992-12-15","","Dependent spouse","","","","No","1",""
"140.2","Dummy Test 0140","Child","Yash","Patel","","","","ADDITION","Active","","Child","Male","2017-03-19","","Dependent child","","","","No","1",""
"141","Dummy Test 0141","Satveer","Pratap","Iyer","satveer.iyer141@examplecorp.test","9876500141","1","ADDITION","Payroll","mumbai","Self","20096","2000-10-07","2026-02-17","Employee row","M","1006555","IC","No","1",""
"141.1","Dummy Test 0141","Spouse","Satveer","Iyer","","","","ADDITION","Active","","Spouse","Male","1993-01-16","","Dependent spouse","","","","No","1",""
"141.2","Dummy Test 0141","Child","Satveer","Iyer","","","","ADDITION","Active","","Child","Female","2018-04-20","","Dependent child","","","","No","1",""
"142","Dummy Test 0142","Aarav","Nitin","Mehta","aarav.mehta142@examplecorp.test","9876500142","1","ADDITION","Payroll","mumbai","Self","20096","2001-11-08","2026-03-18","Employee row","S","1007555","IC","No","1",""
"142.1","Dummy Test 0142","Spouse","Aarav","Mehta","","","","ADDITION","Active","","Spouse","Female","1994-02-17","","Dependent spouse","","","","No","1",""
"142.2","Dummy Test 0142","Child","Aarav","Mehta","","","","ADDITION","Active","","Child","Male","2019-05-21","","Dependent child","","","","No","1",""
"143","Dummy Test 0143","Vivaan","Vijay","Desai","vivaan.desai143@examplecorp.test","9876500143","1","ADDITION","Payroll","mumbai","Self","20096","2002-12-09","2026-04-19","Employee row","S","1008555","IC","No","1",""
"143.1","Dummy Test 0143","Spouse","Vivaan","Desai","","","","ADDITION","Active","","Spouse","Male","1995-03-18","","Dependent spouse","","","","No","1",""
"143.2","Dummy Test 0143","Child","Vivaan","Desai","","","","ADDITION","Active","","Child","Female","2020-06-22","","Dependent child","","","","No","1",""
"144","Dummy Test 0144","Aditya","Mohan","Kapoor","aditya.kapoor144@examplecorp.test","9876500144","1","ADDITION","Payroll","mumbai","Self","20096","1985-01-10","2026-05-20","Employee row","M","1009555","IC","No","1",""
"144.1","Dummy Test 0144","Spouse","Aditya","Kapoor","","","","ADDITION","Active","","Spouse","Female","1996-04-19","","Dependent spouse","","","","No","1",""
"144.2","Dummy Test 0144","Child","Aditya","Kapoor","","","","ADDITION","Active","","Child","Male","2012-07-23","","Dependent child","","","","No","1",""
"145","Dummy Test 0145","Vihaan","Brijesh","Singh","vihaan.singh145@examplecorp.test","9876500145","1","ADDITION","Payroll","mumbai","Self","20096","1986-02-11","2026-06-21","Employee row","S","1010555","IC","No","1",""
"145.1","Dummy Test 0145","Spouse","Vihaan","Singh","","","","ADDITION","Active","","Spouse","Male","1997-05-20","","Dependent spouse","","","","No","1",""
"145.2","Dummy Test 0145","Child","Vihaan","Singh","","","","ADDITION","Active","","Child","Female","2013-08-24","","Dependent child","","","","No","1",""
"146","Dummy Test 0146","Arjun","Kumar","Sharma","arjun.sharma146@examplecorp.test","9876500146","1","ADDITION","Payroll","mumbai","Self","20096","1987-03-12","2026-07-22","Employee row","S","1011555","IC","No","1",""
"146.1","Dummy Test 0146","Spouse","Arjun","Sharma","","","","ADDITION","Active","","Spouse","Female","1998-06-21","","Dependent spouse","","","","No","1",""
"146.2","Dummy Test 0146","Child","Arjun","Sharma","","","","ADDITION","Active","","Child","Male","2014-09-25","","Dependent child","","","","No","1",""
"147","Dummy Test 0147","Sai","Raj","Nair","sai.nair147@examplecorp.test","9876500147","1","ADDITION","Payroll","mumbai","Self","20096","1988-04-13","2026-01-23","Employee row","M","1012555","IC","No","1",""
"147.1","Dummy Test 0147","Spouse","Sai","Nair","","","","ADDITION","Active","","Spouse","Male","1999-07-22","","Dependent spouse","","","","No","1",""
"147.2","Dummy Test 0147","Child","Sai","Nair","","","","ADDITION","Active","","Child","Female","2015-10-26","","Dependent child","","","","No","1",""
"148","Dummy Test 0148","Reyansh","Dev","Chatterjee","reyansh.chatterjee148@examplecorp.test","9876500148","1","ADDITION","Payroll","mumbai","Self","20096","1989-05-14","2026-02-24","Employee row","S","1013555","IC","No","1",""
"148.1","Dummy Test 0148","Spouse","Reyansh","Chatterjee","","","","ADDITION","Active","","Spouse","Female","2000-08-23","","Dependent spouse","","","","No","1",""
"148.2","Dummy Test 0148","Child","Reyansh","Chatterjee","","","","ADDITION","Active","","Child","Male","2016-11-27","","Dependent child","","","","No","1",""
"149","Dummy Test 0149","Ayaan","Pratap","Verma","ayaan.verma149@examplecorp.test","9876500149","1","ADDITION","Payroll","mumbai","Self","20096","1990-06-15","2026-03-25","Employee row","S","1014555","IC","No","1",""
"149.1","Dummy Test 0149","Spouse","Ayaan","Verma","","","","ADDITION","Active","","Spouse","Male","2001-09-24","","Dependent spouse","","","","No","1",""
"149.2","Dummy Test 0149","Child","Ayaan","Verma","","","","ADDITION","Active","","Child","Female","2017-12-01","","Dependent child","","","","No","1",""
"150","Dummy Test 0150","Krishna","Nitin","Rao","krishna.rao150@examplecorp.test","9876500150","1","ADDITION","Payroll","mumbai","Self","20096","1991-07-16","2026-04-01","Employee row","M","1015555","IC","Yes","1",""
"150.1","Dummy Test 0150","Spouse","Krishna","Rao","","","","ADDITION","Active","","Spouse","Female","1987-10-25","","Dependent spouse","","","","No","1",""
"150.2","Dummy Test 0150","Child","Krishna","Rao","","","","ADDITION","Active","","Child","Male","2018-01-02","","Dependent child","","","","No","1",""
"151","Dummy Test 0151","Ishaan","Vijay","Malhotra","ishaan.malhotra151@examplecorp.test","9876500151","1","ADDITION","Payroll","mumbai","Self","20096","1992-08-17","2026-05-02","Employee row","S","1016555","IC","No","1",""
"151.1","Dummy Test 0151","Spouse","Ishaan","Malhotra","","","","ADDITION","Active","","Spouse","Male","1988-11-26","","Dependent spouse","","","","No","1",""
"151.2","Dummy Test 0151","Child","Ishaan","Malhotra","","","","ADDITION","Active","","Child","Female","2019-02-03","","Dependent child","","","","No","1",""
"152","Dummy Test 0152","Kabir","Mohan","Patel","kabir.patel152@examplecorp.test","9876500152","1","ADDITION","Payroll","mumbai","Self","20096","1993-09-18","2026-06-03","Employee row","S","1017555","IC","No","1",""
"152.1","Dummy Test 0152","Spouse","Kabir","Patel","","","","ADDITION","Active","","Spouse","Female","1989-12-27","","Dependent spouse","","","","No","1",""
"152.2","Dummy Test 0152","Child","Kabir","Patel","","","","ADDITION","Active","","Child","Male","2020-03-04","","Dependent child","","","","No","1",""
"153","Dummy Test 0153","Dhruv","Brijesh","Iyer","dhruv.iyer153@examplecorp.test","9876500153","1","ADDITION","Payroll","mumbai","Self","20096","1994-10-19","2026-07-04","Employee row","M","1018555","IC","No","1",""
"153.1","Dummy Test 0153","Spouse","Dhruv","Iyer","","","","ADDITION","Active","","Spouse","Male","1990-01-01","","Dependent spouse","","","","No","1",""
"153.2","Dummy Test 0153","Child","Dhruv","Iyer","","","","ADDITION","Active","","Child","Female","2012-04-05","","Dependent child","","","","No","1",""
"154","Dummy Test 0154","Rohan","Kumar","Mehta","rohan.mehta154@examplecorp.test","9876500154","1","ADDITION","Payroll","mumbai","Self","20096","1995-11-20","2026-01-05","Employee row","S","1019555","IC","No","1",""
"154.1","Dummy Test 0154","Spouse","Rohan","Mehta","","","","ADDITION","Active","","Spouse","Female","1991-02-02","","Dependent spouse","","","","No","1",""
"154.2","Dummy Test 0154","Child","Rohan","Mehta","","","","ADDITION","Active","","Child","Male","2013-05-06","","Dependent child","","","","No","1",""
"155","Dummy Test 0155","Karan","Raj","Desai","karan.desai155@examplecorp.test","9876500155","1","ADDITION","Payroll","mumbai","Self","20096","1996-12-21","2026-02-06","Employee row","S","1020555","IC","No","1",""
"155.1","Dummy Test 0155","Spouse","Karan","Desai","","","","ADDITION","Active","","Spouse","Male","1992-03-03","","Dependent spouse","","","","No","1",""
"155.2","Dummy Test 0155","Child","Karan","Desai","","","","ADDITION","Active","","Child","Female","2014-06-07","","Dependent child","","","","No","1",""
"156","Dummy Test 0156","Nikhil","Dev","Kapoor","nikhil.kapoor156@examplecorp.test","9876500156","1","ADDITION","Payroll","mumbai","Self","20096","1997-01-22","2026-03-07","Employee row","M","1021555","IC","No","1",""
"156.1","Dummy Test 0156","Spouse","Nikhil","Kapoor","","","","ADDITION","Active","","Spouse","Female","1993-04-04","","Dependent spouse","","","","No","1",""
"156.2","Dummy Test 0156","Child","Nikhil","Kapoor","","","","ADDITION","Active","","Child","Male","2015-07-08","","Dependent child","","","","No","1",""
"157","Dummy Test 0157","Rahul","Pratap","Singh","rahul.singh157@examplecorp.test","9876500157","1","ADDITION","Payroll","mumbai","Self","20096","1998-02-23","2026-04-08","Employee row","S","1022555","IC","No","1",""
"157.1","Dummy Test 0157","Spouse","Rahul","Singh","","","","ADDITION","Active","","Spouse","Male","1994-05-05","","Dependent spouse","","","","No","1",""
"157.2","Dummy Test 0157","Child","Rahul","Singh","","","","ADDITION","Active","","Child","Female","2016-08-09","","Dependent child","","","","No","1",""
"158","Dummy Test 0158","Amit","Nitin","Sharma","amit.sharma158@examplecorp.test","9876500158","1","ADDITION","Payroll","mumbai","Self","20096","1999-03-24","2026-05-09","Employee row","S","1023555","IC","No","1",""
"158.1","Dummy Test 0158","Spouse","Amit","Sharma","","","","ADDITION","Active","","Spouse","Female","1995-06-06","","Dependent spouse","","","","No","1",""
"158.2","Dummy Test 0158","Child","Amit","Sharma","","","","ADDITION","Active","","Child","Male","2017-09-10","","Dependent child","","","","No","1",""
"159","Dummy Test 0159","Siddharth","Vijay","Nair","siddharth.nair159@examplecorp.test","9876500159","1","ADDITION","Payroll","mumbai","Self","20096","2000-04-25","2026-06-10","Employee row","M","1024555","IC","No","1",""
"159.1","Dummy Test 0159","Spouse","Siddharth","Nair","","","","ADDITION","Active","","Spouse","Male","1996-07-07","","Dependent spouse","","","","No","1",""
"159.2","Dummy Test 0159","Child","Siddharth","Nair","","","","ADDITION","Active","","Child","Female","2018-10-11","","Dependent child","","","","No","1",""
"160","Dummy Test 0160","Yash","Mohan","Chatterjee","yash.chatterjee160@examplecorp.test","9876500160","1","ADDITION","Payroll","mumbai","Self","20096","2001-05-26","2026-07-11","Employee row","S","1025555","IC","Yes","1",""
"160.1","Dummy Test 0160","Spouse","Yash","Chatterjee","","","","ADDITION","Active","","Spouse","Female","1997-08-08","","Dependent spouse","","","","No","1",""
"160.2","Dummy Test 0160","Child","Yash","Chatterjee","","","","ADDITION","Active","","Child","Male","2019-11-12","","Dependent child","","","","No","1",""
"161","Dummy Test 0161","Satveer","Brijesh","Verma","satveer.verma161@examplecorp.test","9876500161","1","ADDITION","Payroll","mumbai","Self","20096","2002-06-27","2026-01-12","Employee row","S","1026555","IC","No","1",""
"161.1","Dummy Test 0161","Spouse","Satveer","Verma","","","","ADDITION","Active","","Spouse","Male","1998-09-09","","Dependent spouse","","","","No","1",""
"161.2","Dummy Test 0161","Child","Satveer","Verma","","","","ADDITION","Active","","Child","Female","2020-12-13","","Dependent child","","","","No","1",""
"162","Dummy Test 0162","Aarav","Kumar","Rao","aarav.rao162@examplecorp.test","9876500162","1","ADDITION","Payroll","mumbai","Self","20096","1985-07-01","2026-02-13","Employee row","M","1027555","IC","No","1",""
"162.1","Dummy Test 0162","Spouse","Aarav","Rao","","","","ADDITION","Active","","Spouse","Female","1999-10-10","","Dependent spouse","","","","No","1",""
"162.2","Dummy Test 0162","Child","Aarav","Rao","","","","ADDITION","Active","","Child","Male","2012-01-14","","Dependent child","","","","No","1",""
"163","Dummy Test 0163","Vivaan","Raj","Malhotra","vivaan.malhotra163@examplecorp.test","9876500163","1","ADDITION","Payroll","mumbai","Self","20096","1986-08-02","2026-03-14","Employee row","S","1028555","IC","No","1",""
"163.1","Dummy Test 0163","Spouse","Vivaan","Malhotra","","","","ADDITION","Active","","Spouse","Male","2000-11-11","","Dependent spouse","","","","No","1",""
"163.2","Dummy Test 0163","Child","Vivaan","Malhotra","","","","ADDITION","Active","","Child","Female","2013-02-15","","Dependent child","","","","No","1",""
"164","Dummy Test 0164","Aditya","Dev","Patel","aditya.patel164@examplecorp.test","9876500164","1","ADDITION","Payroll","mumbai","Self","20096","1987-09-03","2026-04-15","Employee row","S","1029555","IC","No","1",""
"164.1","Dummy Test 0164","Spouse","Aditya","Patel","","","","ADDITION","Active","","Spouse","Female","2001-12-12","","Dependent spouse","","","","No","1",""
"164.2","Dummy Test 0164","Child","Aditya","Patel","","","","ADDITION","Active","","Child","Male","2014-03-16","","Dependent child","","","","No","1",""
"165","Dummy Test 0165","Vihaan","Pratap","Iyer","vihaan.iyer165@examplecorp.test","9876500165","1","ADDITION","Payroll","mumbai","Self","20096","1988-10-04","2026-05-16","Employee row","M","1030555","IC","No","1",""
"165.1","Dummy Test 0165","Spouse","Vihaan","Iyer","","","","ADDITION","Active","","Spouse","Male","1987-01-13","","Dependent spouse","","","","No","1",""
"165.2","Dummy Test 0165","Child","Vihaan","Iyer","","","","ADDITION","Active","","Child","Female","2015-04-17","","Dependent child","","","","No","1",""
"166","Dummy Test 0166","Arjun","Nitin","Mehta","arjun.mehta166@examplecorp.test","9876500166","1","ADDITION","Payroll","mumbai","Self","20096","1989-11-05","2026-06-17","Employee row","S","1031555","IC","No","1",""
"166.1","Dummy Test 0166","Spouse","Arjun","Mehta","","","","ADDITION","Active","","Spouse","Female","1988-02-14","","Dependent spouse","","","","No","1",""
"166.2","Dummy Test 0166","Child","Arjun","Mehta","","","","ADDITION","Active","","Child","Male","2016-05-18","","Dependent child","","","","No","1",""
"167","Dummy Test 0167","Sai","Vijay","Desai","sai.desai167@examplecorp.test","9876500167","1","ADDITION","Payroll","mumbai","Self","20096","1990-12-06","2026-07-18","Employee row","S","1032555","IC","No","1",""
"167.1","Dummy Test 0167","Spouse","Sai","Desai","","","","ADDITION","Active","","Spouse","Male","1989-03-15","","Dependent spouse","","","","No","1",""
"167.2","Dummy Test 0167","Child","Sai","Desai","","","","ADDITION","Active","","Child","Female","2017-06-19","","Dependent child","","","","No","1",""
"168","Dummy Test 0168","Reyansh","Mohan","Kapoor","reyansh.kapoor168@examplecorp.test","9876500168","1","ADDITION","Payroll","mumbai","Self","20096","1991-01-07","2026-01-19","Employee row","M","1033555","IC","No","1",""
"168.1","Dummy Test 0168","Spouse","Reyansh","Kapoor","","","","ADDITION","Active","","Spouse","Female","1990-04-16","","Dependent spouse","","","","No","1",""
"168.2","Dummy Test 0168","Child","Reyansh","Kapoor","","","","ADDITION","Active","","Child","Male","2018-07-20","","Dependent child","","","","No","1",""
"169","Dummy Test 0169","Ayaan","Brijesh","Singh","ayaan.singh169@examplecorp.test","9876500169","1","ADDITION","Payroll","mumbai","Self","20096","1992-02-08","2026-02-20","Employee row","S","1034555","IC","No","1",""
"169.1","Dummy Test 0169","Spouse","Ayaan","Singh","","","","ADDITION","Active","","Spouse","Male","1991-05-17","","Dependent spouse","","","","No","1",""
"169.2","Dummy Test 0169","Child","Ayaan","Singh","","","","ADDITION","Active","","Child","Female","2019-08-21","","Dependent child","","","","No","1",""
"170","Dummy Test 0170","Krishna","Kumar","Sharma","krishna.sharma170@examplecorp.test","9876500170","1","ADDITION","Payroll","mumbai","Self","20096","1993-03-09","2026-03-21","Employee row","S","1035555","IC","Yes","1",""
"170.1","Dummy Test 0170","Spouse","Krishna","Sharma","","","","ADDITION","Active","","Spouse","Female","1992-06-18","","Dependent spouse","","","","No","1",""
"170.2","Dummy Test 0170","Child","Krishna","Sharma","","","","ADDITION","Active","","Child","Male","2020-09-22","","Dependent child","","","","No","1",""
"171","Dummy Test 0171","Ishaan","Raj","Nair","ishaan.nair171@examplecorp.test","9876500171","1","ADDITION","Payroll","mumbai","Self","20096","1994-04-10","2026-04-22","Employee row","M","1036555","IC","No","1",""
"171.1","Dummy Test 0171","Spouse","Ishaan","Nair","","","","ADDITION","Active","","Spouse","Male","1993-07-19","","Dependent spouse","","","","No","1",""
"171.2","Dummy Test 0171","Child","Ishaan","Nair","","","","ADDITION","Active","","Child","Female","2012-10-23","","Dependent child","","","","No","1",""
"172","Dummy Test 0172","Kabir","Dev","Chatterjee","kabir.chatterjee172@examplecorp.test","9876500172","1","ADDITION","Payroll","mumbai","Self","20096","1995-05-11","2026-05-23","Employee row","S","1037555","IC","No","1",""
"172.1","Dummy Test 0172","Spouse","Kabir","Chatterjee","","","","ADDITION","Active","","Spouse","Female","1994-08-20","","Dependent spouse","","","","No","1",""
"172.2","Dummy Test 0172","Child","Kabir","Chatterjee","","","","ADDITION","Active","","Child","Male","2013-11-24","","Dependent child","","","","No","1",""
"173","Dummy Test 0173","Dhruv","Pratap","Verma","dhruv.verma173@examplecorp.test","9876500173","1","ADDITION","Payroll","mumbai","Self","20096","1996-06-12","2026-06-24","Employee row","S","1038555","IC","No","1",""
"173.1","Dummy Test 0173","Spouse","Dhruv","Verma","","","","ADDITION","Active","","Spouse","Male","1995-09-21","","Dependent spouse","","","","No","1",""
"173.2","Dummy Test 0173","Child","Dhruv","Verma","","","","ADDITION","Active","","Child","Female","2014-12-25","","Dependent child","","","","No","1",""
"174","Dummy Test 0174","Rohan","Nitin","Rao","rohan.rao174@examplecorp.test","9876500174","1","ADDITION","Payroll","mumbai","Self","20096","1997-07-13","2026-07-25","Employee row","M","1039555","IC","No","1",""
"174.1","Dummy Test 0174","Spouse","Rohan","Rao","","","","ADDITION","Active","","Spouse","Female","1996-10-22","","Dependent spouse","","","","No","1",""
"174.2","Dummy Test 0174","Child","Rohan","Rao","","","","ADDITION","Active","","Child","Male","2015-01-26","","Dependent child","","","","No","1",""
"175","Dummy Test 0175","Karan","Vijay","Malhotra","karan.malhotra175@examplecorp.test","9876500175","1","ADDITION","Payroll","mumbai","Self","20096","1998-08-14","2026-01-01","Employee row","S","1040555","IC","No","1",""
"175.1","Dummy Test 0175","Spouse","Karan","Malhotra","","","","ADDITION","Active","","Spouse","Male","1997-11-23","","Dependent spouse","","","","No","1",""
"175.2","Dummy Test 0175","Child","Karan","Malhotra","","","","ADDITION","Active","","Child","Female","2016-02-27","","Dependent child","","","","No","1",""
"176","Dummy Test 0176","Nikhil","Mohan","Patel","nikhil.patel176@examplecorp.test","9876500176","1","ADDITION","Payroll","mumbai","Self","20096","1999-09-15","2026-02-02","Employee row","S","1041555","IC","No","1",""
"176.1","Dummy Test 0176","Spouse","Nikhil","Patel","","","","ADDITION","Active","","Spouse","Female","1998-12-24","","Dependent spouse","","","","No","1",""
"176.2","Dummy Test 0176","Child","Nikhil","Patel","","","","ADDITION","Active","","Child","Male","2017-03-01","","Dependent child","","","","No","1",""
"177","Dummy Test 0177","Rahul","Brijesh","Iyer","rahul.iyer177@examplecorp.test","9876500177","1","ADDITION","Payroll","mumbai","Self","20096","2000-10-16","2026-03-03","Employee row","M","1042555","IC","No","1",""
"177.1","Dummy Test 0177","Spouse","Rahul","Iyer","","","","ADDITION","Active","","Spouse","Male","1999-01-25","","Dependent spouse","","","","No","1",""
"177.2","Dummy Test 0177","Child","Rahul","Iyer","","","","ADDITION","Active","","Child","Female","2018-04-02","","Dependent child","","","","No","1",""
"178","Dummy Test 0178","Amit","Kumar","Mehta","amit.mehta178@examplecorp.test","9876500178","1","ADDITION","Payroll","mumbai","Self","20096","2001-11-17","2026-04-04","Employee row","S","1043555","IC","No","1",""
"178.1","Dummy Test 0178","Spouse","Amit","Mehta","","","","ADDITION","Active","","Spouse","Female","2000-02-26","","Dependent spouse","","","","No","1",""
"178.2","Dummy Test 0178","Child","Amit","Mehta","","","","ADDITION","Active","","Child","Male","2019-05-03","","Dependent child","","","","No","1",""
"179","Dummy Test 0179","Siddharth","Raj","Desai","siddharth.desai179@examplecorp.test","9876500179","1","ADDITION","Payroll","mumbai","Self","20096","2002-12-18","2026-05-05","Employee row","S","1044555","IC","No","1",""
"179.1","Dummy Test 0179","Spouse","Siddharth","Desai","","","","ADDITION","Active","","Spouse","Male","2001-03-27","","Dependent spouse","","","","No","1",""
"179.2","Dummy Test 0179","Child","Siddharth","Desai","","","","ADDITION","Active","","Child","Female","2020-06-04","","Dependent child","","","","No","1",""
"180","Dummy Test 0180","Yash","Dev","Kapoor","yash.kapoor180@examplecorp.test","9876500180","1","ADDITION","Payroll","mumbai","Self","20096","1985-01-19","2026-06-06","Employee row","M","1045555","IC","Yes","1",""
"180.1","Dummy Test 0180","Spouse","Yash","Kapoor","","","","ADDITION","Active","","Spouse","Female","1987-04-01","","Dependent spouse","","","","No","1",""
"180.2","Dummy Test 0180","Child","Yash","Kapoor","","","","ADDITION","Active","","Child","Male","2012-07-05","","Dependent child","","","","No","1",""
"181","Dummy Test 0181","Satveer","Pratap","Singh","satveer.singh181@examplecorp.test","9876500181","1","ADDITION","Payroll","mumbai","Self","20096","1986-02-20","2026-07-07","Employee row","S","1046555","IC","No","1",""
"181.1","Dummy Test 0181","Spouse","Satveer","Singh","","","","ADDITION","Active","","Spouse","Male","1988-05-02","","Dependent spouse","","","","No","1",""
"181.2","Dummy Test 0181","Child","Satveer","Singh","","","","ADDITION","Active","","Child","Female","2013-08-06","","Dependent child","","","","No","1",""
"182","Dummy Test 0182","Aarav","Nitin","Sharma","aarav.sharma182@examplecorp.test","9876500182","1","ADDITION","Payroll","mumbai","Self","20096","1987-03-21","2026-01-08","Employee row","S","1047555","IC","No","1",""
"182.1","Dummy Test 0182","Spouse","Aarav","Sharma","","","","ADDITION","Active","","Spouse","Female","1989-06-03","","Dependent spouse","","","","No","1",""
"182.2","Dummy Test 0182","Child","Aarav","Sharma","","","","ADDITION","Active","","Child","Male","2014-09-07","","Dependent child","","","","No","1",""
"183","Dummy Test 0183","Vivaan","Vijay","Nair","vivaan.nair183@examplecorp.test","9876500183","1","ADDITION","Payroll","mumbai","Self","20096","1988-04-22","2026-02-09","Employee row","M","1048555","IC","No","1",""
"183.1","Dummy Test 0183","Spouse","Vivaan","Nair","","","","ADDITION","Active","","Spouse","Male","1990-07-04","","Dependent spouse","","","","No","1",""
"183.2","Dummy Test 0183","Child","Vivaan","Nair","","","","ADDITION","Active","","Child","Female","2015-10-08","","Dependent child","","","","No","1",""
"184","Dummy Test 0184","Aditya","Mohan","Chatterjee","aditya.chatterjee184@examplecorp.test","9876500184","1","ADDITION","Payroll","mumbai","Self","20096","1989-05-23","2026-03-10","Employee row","S","1049555","IC","No","1",""
"184.1","Dummy Test 0184","Spouse","Aditya","Chatterjee","","","","ADDITION","Active","","Spouse","Female","1991-08-05","","Dependent spouse","","","","No","1",""
"184.2","Dummy Test 0184","Child","Aditya","Chatterjee","","","","ADDITION","Active","","Child","Male","2016-11-09","","Dependent child","","","","No","1",""
"185","Dummy Test 0185","Vihaan","Brijesh","Verma","vihaan.verma185@examplecorp.test","9876500185","1","ADDITION","Payroll","mumbai","Self","20096","1990-06-24","2026-04-11","Employee row","S","1050555","IC","No","1",""
"185.1","Dummy Test 0185","Spouse","Vihaan","Verma","","","","ADDITION","Active","","Spouse","Male","1992-09-06","","Dependent spouse","","","","No","1",""
"185.2","Dummy Test 0185","Child","Vihaan","Verma","","","","ADDITION","Active","","Child","Female","2017-12-10","","Dependent child","","","","No","1",""
"186","Dummy Test 0186","Arjun","Kumar","Rao","arjun.rao186@examplecorp.test","9876500186","1","ADDITION","Payroll","mumbai","Self","20096","1991-07-25","2026-05-12","Employee row","M","1051555","IC","No","1",""
"186.1","Dummy Test 0186","Spouse","Arjun","Rao","","","","ADDITION","Active","","Spouse","Female","1993-10-07","","Dependent spouse","","","","No","1",""
"186.2","Dummy Test 0186","Child","Arjun","Rao","","","","ADDITION","Active","","Child","Male","2018-01-11","","Dependent child","","","","No","1",""
"187","Dummy Test 0187","Sai","Raj","Malhotra","sai.malhotra187@examplecorp.test","9876500187","1","ADDITION","Payroll","mumbai","Self","20096","1992-08-26","2026-06-13","Employee row","S","1052555","IC","No","1",""
"187.1","Dummy Test 0187","Spouse","Sai","Malhotra","","","","ADDITION","Active","","Spouse","Male","1994-11-08","","Dependent spouse","","","","No","1",""
"187.2","Dummy Test 0187","Child","Sai","Malhotra","","","","ADDITION","Active","","Child","Female","2019-02-12","","Dependent child","","","","No","1",""
"188","Dummy Test 0188","Reyansh","Dev","Patel","reyansh.patel188@examplecorp.test","9876500188","1","ADDITION","Payroll","mumbai","Self","20096","1993-09-27","2026-07-14","Employee row","S","1053555","IC","No","1",""
"188.1","Dummy Test 0188","Spouse","Reyansh","Patel","","","","ADDITION","Active","","Spouse","Female","1995-12-09","","Dependent spouse","","","","No","1",""
"188.2","Dummy Test 0188","Child","Reyansh","Patel","","","","ADDITION","Active","","Child","Male","2020-03-13","","Dependent child","","","","No","1",""
"189","Dummy Test 0189","Ayaan","Pratap","Iyer","ayaan.iyer189@examplecorp.test","9876500189","1","ADDITION","Payroll","mumbai","Self","20096","1994-10-01","2026-01-15","Employee row","M","1054555","IC","No","1",""
"189.1","Dummy Test 0189","Spouse","Ayaan","Iyer","","","","ADDITION","Active","","Spouse","Male","1996-01-10","","Dependent spouse","","","","No","1",""
"189.2","Dummy Test 0189","Child","Ayaan","Iyer","","","","ADDITION","Active","","Child","Female","2012-04-14","","Dependent child","","","","No","1",""
"190","Dummy Test 0190","Krishna","Nitin","Mehta","krishna.mehta190@examplecorp.test","9876500190","1","ADDITION","Payroll","mumbai","Self","20096","1995-11-02","2026-02-16","Employee row","S","1055555","IC","Yes","1",""
"190.1","Dummy Test 0190","Spouse","Krishna","Mehta","","","","ADDITION","Active","","Spouse","Female","1997-02-11","","Dependent spouse","","","","No","1",""
"190.2","Dummy Test 0190","Child","Krishna","Mehta","","","","ADDITION","Active","","Child","Male","2013-05-15","","Dependent child","","","","No","1",""
"191","Dummy Test 0191","Ishaan","Vijay","Desai","ishaan.desai191@examplecorp.test","9876500191","1","ADDITION","Payroll","mumbai","Self","20096","1996-12-03","2026-03-17","Employee row","S","1056555","IC","No","1",""
"191.1","Dummy Test 0191","Spouse","Ishaan","Desai","","","","ADDITION","Active","","Spouse","Male","1998-03-12","","Dependent spouse","","","","No","1",""
"191.2","Dummy Test 0191","Child","Ishaan","Desai","","","","ADDITION","Active","","Child","Female","2014-06-16","","Dependent child","","","","No","1",""
"192","Dummy Test 0192","Kabir","Mohan","Kapoor","kabir.kapoor192@examplecorp.test","9876500192","1","ADDITION","Payroll","mumbai","Self","20096","1997-01-04","2026-04-18","Employee row","M","1057555","IC","No","1",""
"192.1","Dummy Test 0192","Spouse","Kabir","Kapoor","","","","ADDITION","Active","","Spouse","Female","1999-04-13","","Dependent spouse","","","","No","1",""
"192.2","Dummy Test 0192","Child","Kabir","Kapoor","","","","ADDITION","Active","","Child","Male","2015-07-17","","Dependent child","","","","No","1",""
"193","Dummy Test 0193","Dhruv","Brijesh","Singh","dhruv.singh193@examplecorp.test","9876500193","1","ADDITION","Payroll","mumbai","Self","20096","1998-02-05","2026-05-19","Employee row","S","1058555","IC","No","1",""
"193.1","Dummy Test 0193","Spouse","Dhruv","Singh","","","","ADDITION","Active","","Spouse","Male","2000-05-14","","Dependent spouse","","","","No","1",""
"193.2","Dummy Test 0193","Child","Dhruv","Singh","","","","ADDITION","Active","","Child","Female","2016-08-18","","Dependent child","","","","No","1",""
"194","Dummy Test 0194","Rohan","Kumar","Sharma","rohan.sharma194@examplecorp.test","9876500194","1","ADDITION","Payroll","mumbai","Self","20096","1999-03-06","2026-06-20","Employee row","S","1059555","IC","No","1",""
"194.1","Dummy Test 0194","Spouse","Rohan","Sharma","","","","ADDITION","Active","","Spouse","Female","2001-06-15","","Dependent spouse","","","","No","1",""
"194.2","Dummy Test 0194","Child","Rohan","Sharma","","","","ADDITION","Active","","Child","Male","2017-09-19","","Dependent child","","","","No","1",""
"195","Dummy Test 0195","Karan","Raj","Nair","karan.nair195@examplecorp.test","9876500195","1","ADDITION","Payroll","mumbai","Self","20096","2000-04-07","2026-07-21","Employee row","M","1060555","IC","No","1",""
"195.1","Dummy Test 0195","Spouse","Karan","Nair","","","","ADDITION","Active","","Spouse","Male","1987-07-16","","Dependent spouse","","","","No","1",""
"195.2","Dummy Test 0195","Child","Karan","Nair","","","","ADDITION","Active","","Child","Female","2018-10-20","","Dependent child","","","","No","1",""
"196","Dummy Test 0196","Nikhil","Dev","Chatterjee","nikhil.chatterjee196@examplecorp.test","9876500196","1","ADDITION","Payroll","mumbai","Self","20096","2001-05-08","2026-01-22","Employee row","S","1061555","IC","No","1",""
"196.1","Dummy Test 0196","Spouse","Nikhil","Chatterjee","","","","ADDITION","Active","","Spouse","Female","1988-08-17","","Dependent spouse","","","","No","1",""
"196.2","Dummy Test 0196","Child","Nikhil","Chatterjee","","","","ADDITION","Active","","Child","Male","2019-11-21","","Dependent child","","","","No","1",""
"197","Dummy Test 0197","Rahul","Pratap","Verma","rahul.verma197@examplecorp.test","9876500197","1","ADDITION","Payroll","mumbai","Self","20096","2002-06-09","2026-02-23","Employee row","S","1062555","IC","No","1",""
"197.1","Dummy Test 0197","Spouse","Rahul","Verma","","","","ADDITION","Active","","Spouse","Male","1989-09-18","","Dependent spouse","","","","No","1",""
"197.2","Dummy Test 0197","Child","Rahul","Verma","","","","ADDITION","Active","","Child","Female","2020-12-22","","Dependent child","","","","No","1",""
"198","Dummy Test 0198","Amit","Nitin","Rao","amit.rao198@examplecorp.test","9876500198","1","ADDITION","Payroll","mumbai","Self","20096","1985-07-10","2026-03-24","Employee row","M","1063555","IC","No","1",""
"198.1","Dummy Test 0198","Spouse","Amit","Rao","","","","ADDITION","Active","","Spouse","Female","1990-10-19","","Dependent spouse","","","","No","1",""
"198.2","Dummy Test 0198","Child","Amit","Rao","","","","ADDITION","Active","","Child","Male","2012-01-23","","Dependent child","","","","No","1",""
"199","Dummy Test 0199","Siddharth","Vijay","Malhotra","siddharth.malhotra199@examplecorp.test","9876500199","1","ADDITION","Payroll","mumbai","Self","20096","1986-08-11","2026-04-25","Employee row","S","1064555","IC","No","1",""
"199.1","Dummy Test 0199","Spouse","Siddharth","Malhotra","","","","ADDITION","Active","","Spouse","Male","1991-11-20","","Dependent spouse","","","","No","1",""
"199.2","Dummy Test 0199","Child","Siddharth","Malhotra","","","","ADDITION","Active","","Child","Female","2013-02-24","","Dependent child","","","","No","1",""
"200","Dummy Test 0200","Yash","Mohan","Patel","yash.patel200@examplecorp.test","9876500200","1","ADDITION","Payroll","mumbai","Self","20096","1987-09-12","2026-05-01","Employee row","S","1065555","IC","Yes","1",""
"200.1","Dummy Test 0200","Spouse","Yash","Patel","","","","ADDITION","Active","","Spouse","Female","1992-12-21","","Dependent spouse","","","","No","1",""
"200.2","Dummy Test 0200","Child","Yash","Patel","","","","ADDITION","Active","","Child","Male","2014-03-25","","Dependent child","","","","No","1",""
